marker_index,ukranian,polish
1,"В бік Мацеїва (тепер смт. Луків), в бік Варшави","W stronę Maciejowa (obecnie osiedle typu miejskiego Łuków), w stronę Warszawy"
2,вул. Гончарна,ul. Garncarska
3,вул. Опржична / вул. Брестська,ul. Oprzyczna / ul. Brzeska
4,вул. Мацеївська,ul. Maciejowska
5,вул. Церковная,ul. Cerkiewna
6,Шлях на Хелм та Люблін,Droga na Chełm i Lublin
7,вул. Пожальна,ul. Pożalna
8,вул. Навріжна,ul. Nawrożna
9,вул. Житня,ul. Żytnia
10,вул. Гнілова,ul. Hniłowa
11,вул. Володимирська,ul. Włodzimierska
12,вул. Воля,ul. Wola
13,Старе місто (Штот),Stare Miasto (Sztetl)
14,До братської могили на Новому цвинтарі,Do bratniej mogiły na Nowym Cmentarzu
15,Напрямок на Людмір (Володимир-Волинський),Kierunek na Ludmierz (Włodzimierz Wołyński)
16,Річка Турія,Rzeka Turia
17,вул. Монополева,ul. Monopolowa
18,Гетто в «місті»,Getto w „mieście”
19,вул. Комаровська,ul. Komarowska
20,вул. Костюшко,ul. Kościuszki
21,вул. Юридика,ul. Jurydyka
22,вул. Прицького,ul. Pryckiego
23,Район «Піски»,Dzielnica „Piaski”
24,Район «Ковель-2» (де проживали переважно неевреї),Dzielnica „Kowel-2” (gdzie mieszkali głównie nie-Żydzi)
25,вул. 50-ї роти,ul. 50 Kompanii
26,вул. Королеви Бони,ul. Królowej Bony
27,вул. Варшавська,ul. Warszawska
28,вул. Міцкевича,ul. Mickiewicza
29,вул. Будищанська,ul. Budiszczańska
30,вул. Піскова,ul. Piaskowa
31,вул. Закостьольна,ul. Zakościelna
32,вул. Помнікова,ul. Pomnikowa
33,вул. 3-го Травня,ul. 3 Maja
34,вул. Магістрації,ul. Magistracka
35,вул. Костьольна,ul. Kościelna
36,вул. Соборна,ul. Soborna
37,вул. Торгова,ul. Targowa
38,вул. Ковальська,ul. Kowalska
39,вул. Фабрична,ul. Fabryczna
40,вул. Луцька,ul. Łucka
41,вул. Будівельна,ul. Budowlana
42,вул. Стражчика,ul. Strażczyka
43,вул. Сенкевича,ul. Sienkiewicza
44,вул. Листопадова,ul. Listopadowa
45,вул. Поприжична,ul. Poprzeczna
46,вул. Кульова,ul. Kulowa
47,Мальнеріча,ul. Malnericza
48,вул. Понятовського,ul. Poniatowskiego
49,вул. Переца,ul. Pereca
50,вул. Кошова,ul. Koszowa
51,вул. Мощицького,ul. Mościckiego
52,вул. Мальнерича / вул. Лімновського,ul. Malnericza / ul. Limnowskiego
53,Напрямок на Вигонну,Kierunek na Wygonną
54,вул. Завмотижна,ul. Zawmotyżna
55,вул. Шпитальна,ul. Szpitalna
56,вул. Погранична,ul. Graniczna
57,вул. Дажика,ul. Daszyka
58,Напрямок на Київ та Луцьк,Kierunek na Kijów i Łuck
59,вул. Шальчика,ul. Szalczyka
60,Гетто «Піски»,Getto „Piaski”
61,Напрямок на Широку,Kierunek na Szeroką
62,вул. Домбровського,ul. Dąbrowskiego
63,Напрямок на Новосвіт,Kierunek na Nowy Świat
64,Напрямок на Поворськ,Kierunek na Poworsk
65,Напрямок на Колоднячі,Kierunek na Kołodnice
66,вул. Коротка,ul. Krótka
67,вул. Жеромського,ul. Żeromskiego
68,До братської могили на Бахові,Do bratniej mogiły w Bachowie
69,Напрямок на Брест,Kierunek na Brześć
