Name,Age / Birth Year,Last Known Address in Kowel,Penal Code Charge,Legal Charge in English,object_id,issue_title,issue_date,source_url
Fajgiei Jankiel Icchek,37,,"art. 51, art. 440, art. 448, art. 593",Complicity / Aiding and Abetting & Forgery & Bribery & Receiving Stolen Goods,045cf82f-9c0a-4e93-a6af-49c614952477,"Gazeta Śledcza.   R.11, L. 1421 (31 grudnia 1930)",1930-12-31,https://polona.pl/preview/045cf82f-9c0a-4e93-a6af-49c614952477
Igliński Aleksander,b. 1905,ul. Chmielnej 25,art. 581,Theft,045cf82f-9c0a-4e93-a6af-49c614952477,"Gazeta Śledcza.   R.11, L. 1421 (31 grudnia 1930)",1930-12-31,https://polona.pl/preview/045cf82f-9c0a-4e93-a6af-49c614952477
Leszczuk Marja,35,ul. Kolejowej 32,art. 138,Disobedience / Violation of Police Regulations,045cf82f-9c0a-4e93-a6af-49c614952477,"Gazeta Śledcza.   R.11, L. 1421 (31 grudnia 1930)",1930-12-31,https://polona.pl/preview/045cf82f-9c0a-4e93-a6af-49c614952477
Gorczyński Aleksander,b. 1898,ul. Wło dzimierskiej 80,art. 591,Fraud / Embezzlement,045cf82f-9c0a-4e93-a6af-49c614952477,"Gazeta Śledcza.   R.11, L. 1421 (31 grudnia 1930)",1930-12-31,https://polona.pl/preview/045cf82f-9c0a-4e93-a6af-49c614952477
Kopycki Antoni,19,ul. Ogrodowej 15,art. 138,Disobedience / Violation of Police Regulations,045cf82f-9c0a-4e93-a6af-49c614952477,"Gazeta Śledcza.   R.11, L. 1421 (31 grudnia 1930)",1930-12-31,https://polona.pl/preview/045cf82f-9c0a-4e93-a6af-49c614952477
Jakubowski Michał,70,ul. Brzeskiej 114,art. 138,Disobedience / Violation of Police Regulations,045cf82f-9c0a-4e93-a6af-49c614952477,"Gazeta Śledcza.   R.11, L. 1421 (31 grudnia 1930)",1930-12-31,https://polona.pl/preview/045cf82f-9c0a-4e93-a6af-49c614952477
O m e 1 c z u k Mar ja,22,ul. Niecałej 3,art. 138,Disobedience / Violation of Police Regulations,045cf82f-9c0a-4e93-a6af-49c614952477,"Gazeta Śledcza.   R.11, L. 1421 (31 grudnia 1930)",1930-12-31,https://polona.pl/preview/045cf82f-9c0a-4e93-a6af-49c614952477
Nikenczuk Paraskiewa,28,ul. Pogranicznej 6,art. 138,Disobedience / Violation of Police Regulations,045cf82f-9c0a-4e93-a6af-49c614952477,"Gazeta Śledcza.   R.11, L. 1421 (31 grudnia 1930)",1930-12-31,https://polona.pl/preview/045cf82f-9c0a-4e93-a6af-49c614952477
Burak Chaim,29,,art. 138,Disobedience / Violation of Police Regulations,045cf82f-9c0a-4e93-a6af-49c614952477,"Gazeta Śledcza.   R.11, L. 1421 (31 grudnia 1930)",1930-12-31,https://polona.pl/preview/045cf82f-9c0a-4e93-a6af-49c614952477
Celnikier Gierszoa,37,ul. Brzeskiej 56,art. 138,Disobedience / Violation of Police Regulations,045cf82f-9c0a-4e93-a6af-49c614952477,"Gazeta Śledcza.   R.11, L. 1421 (31 grudnia 1930)",1930-12-31,https://polona.pl/preview/045cf82f-9c0a-4e93-a6af-49c614952477
S a ch o r czy k Olga,b. 1892,ul. Warszawskiej 104,art. 138,Disobedience / Violation of Police Regulations,045cf82f-9c0a-4e93-a6af-49c614952477,"Gazeta Śledcza.   R.11, L. 1421 (31 grudnia 1930)",1930-12-31,https://polona.pl/preview/045cf82f-9c0a-4e93-a6af-49c614952477
