street,house_number,apt,occupant_or_firm,role,year,address_type,source,source_url,notes
Królowej Bony,1,,Sawicki M.,tobacco shop / tytoniowe,1929,commercial,1929 business directory,https://github.com/noveoko/kowel/blob/master/1929_business_directory.csv,Księga adresowa extract
Królowej Bony,1,,Hołubienko Anna (córka Stefana; lat 25),servant; last residence; wanted notice art. 280 k.k.,1930,residential,Obwieszczenie / crime extract,https://polona.pl/preview/f98fc867-4df2-44bf-b07b-7ed28cc5188f,"Sąd Pow. w Kowlu, Kg. 652-30, 18.11.1930; notice dated 1930-12-20"
Królowej Bony,6,,Boruch M.,,1929,commercial,1929 business directory notes,https://github.com/noveoko/kowel/blob/master/1929_business_directory.md,Listed in the markdown extract; trade not given in the line
Królowej Bony,7,,Sztom I. N.,bookbinder / introligator,1929,commercial,1929 business directory,https://github.com/noveoko/kowel/blob/master/1929_business_directory.csv,
Królowej Bony,8,,Icko Błumenfeld (Icek Blumenfeld),sale of stamps and bills of exchange,1926,commercial,Obwieszczenia publiczne businesses,https://polona.pl/preview/8bbf7c23-ed81-446d-88a3-dc73e8b2de88,
Królowej Bony,23,,Państwowa Szkoła Miernicza i Drogowa,surveying and road school,1938,institutional,1938 telephone book,https://github.com/noveoko/kowel/blob/master/kowel_residents_1938.csv,Also listed 1939
Królowej Bony,23,,Państwowa Szkoła Miernicza i Drogowa,surveying and road school,1939,institutional,1939 Polish telephone directory; kresy.org.pl photo caption,https://genealogyindexer.org/view/1939Ptel/1939Ptel%20-%200569.pdf,Caption confirms address in 1939: https://kresy.org.pl/7857507,foto.html
Królowej Bony,23,,Gimnazjum państwowe im. Juliusza Słowackiego,state gymnasium,1939,institutional,1939 Polish telephone directory,https://genealogyindexer.org/view/1939Ptel/1939Ptel%20-%200569.pdf,Same house number as the surveying school; shared building or shared phone listing
Królowej Bony,,,Mikołaj Pirogow (Mikolaj Pirogow),doctor,1920,residential or practice,Doctors resident in Kowel 1920,https://github.com/noveoko/kowel/blob/master/doctors_resident_in_kowel.csv,No house number
Królowej Bony,,,Mordko Inglberg (Mordkowi Inglbergowi),business notice; trade not extracted,1928,commercial,Obwieszczenia publiczne businesses,https://polona.pl/preview/f48423b6-db55-4faf-90fa-9cdd9dad6e73,Source line is "Królowej Bony Nr" with the number not captured
Królowej Bony,,,Leja Grynberg,small trade in building and forest materials,1932,commercial,Obwieszczenia publiczne businesses,https://polona.pl/preview/76fa41b1-da18-4b87-97e4-0616f6d72c59,Street given as Królowej-Bony; no house number
Królowej Bony,,,Pinchos Zyskind,doctor,1938,residential or practice,1938 telephone book,https://github.com/noveoko/kowel/blob/master/kowel_residents_1938.csv,Listed as Król. Bony / Krolowej Bony; no house number
Królowej Bony,,,Starosta powiatowy,county starosta,1938,institutional,1938 telephone book,https://github.com/noveoko/kowel/blob/master/kowel_residents_1938.csv,No house number; office on this street
Królowej Bony,,,Starostwo Powiatowe,county office,1938,institutional,1938 telephone book,https://github.com/noveoko/kowel/blob/master/kowel_residents_1938.csv,No house number
Królowej Bony,,,Starostwo Powiatowe; referat bezpieczeństwa publicznego,public-security desk,1938,institutional,1938 telephone book,https://github.com/noveoko/kowel/blob/master/kowel_residents_1938.csv,No house number
Królowej Bony,,,Policja Państwowa; Komenda Powiatowa,county police headquarters,1938,institutional,1938 telephone book,https://github.com/noveoko/kowel/blob/master/kowel_residents_1938.csv,No house number
Królowej Bony,,,Wydział Śledczy Policji Państwowej,investigative branch; also the head's office,1938,institutional,1938 telephone book,https://github.com/noveoko/kowel/blob/master/kowel_residents_1938.csv,Two 1938 lines: the branch and the kierownik's cabinet
Królowej Bony,,,Powiatowy Urząd Ziemski,county land office,1938,institutional,1938 telephone book,https://github.com/noveoko/kowel/blob/master/kowel_residents_1938.csv,No house number
Królowej Bony,,,voting district 5 streets,street included in Sejm polling district,1938,street attestation only,1938 Sejm voting-district notice,https://polona.pl/item/obwieszczenie-inc-na-podstawie-art-52-ordynacji-wyborczej-dz-u-r-p-nr-47-poz,OTQyNjM5MzI/0/,Polling place was the Zionist organisation hall at Listopadowa 7; not a Bony house number
