street_id,corridor_id,street_name,year_ranges,exists_today,same_as,notes,sources
st:b970656bf240,corridor:1maja,1-go Maja,1929;1938,y,corridor:1maja,,street_names_txt;streets_csv;voting_1938
st:762e277796f8,st:762e277796f8,19 Stycznia,1929;1938,y,,corridor presumed from continuous urban fabric; no direct OSM name match,street_names_txt;streets_csv
st:d54bb71230ad,st:d54bb71230ad,27 Dywizji Piechoty,1929;1938,y,,corridor presumed from continuous urban fabric; no direct OSM name match,street_names_txt;streets_csv;voting_1938
st:e1587e53e305,st:e1587e53e305,3 Maja,1929;1938,y,,corridor presumed from continuous urban fabric; no direct OSM name match,directory_1929;normalized_directory;residents_1938;street_names_txt;streets_csv;voting_1938
st:7c7ec5d69eee,st:7c7ec5d69eee,50 P.P. Strzel. Kres.,1929;1938,y,,corridor presumed from continuous urban fabric; no direct OSM name match,street_names_txt;streets_csv;voting_1938
st:f52c0efc47a6,st:f52c0efc47a6,Apteczna,1929;1938,y,,corridor presumed from continuous urban fabric; no direct OSM name match,directory_1929;directory_1929_counts;street_names_txt;streets_csv;voting_1938
st:10763765a926,st:10763765a926,Artillery Street (1917),1917,n,,Occupation name; occupation_1917_unmapped,grain_1917
st:8334a0565461,st:8334a0565461,Badghaw Street (1917),1917,n,,Occupation name; OCR uncertain; occupation_1917_unmapped,grain_1917
st:68a20f749ead,corridor:kapielowa,Bath Street (1917),1917,y,corridor:kapielowa,"→ Kąpielowa; exists_today refers to physical corridor, not occupation name",grain_1917
st:45608db63dd7,st:45608db63dd7,Bavaria Street (1917),1917,n,,Occupation name; occupation_1917_unmapped,grain_1917
st:d4bae7004695,st:d4bae7004695,Bezimienna,1929;1938,y,,corridor presumed from continuous urban fabric; no direct OSM name match,directory_1929_counts;normalized_directory;residents_1938;street_names_txt;streets_csv;voting_1938
st:51b005cc6567,st:51b005cc6567,Bielińska,1929;1938,y,,corridor presumed from continuous urban fabric; no direct OSM name match,street_names_txt;streets_csv;voting_1938
st:cc056beaae80,corridor:brzeska,Brester Street (1917),1917,y,corridor:brzeska,"→ Brzeska; exists_today refers to physical corridor, not occupation name",grain_1917
st:ebd98cdb9cae,st:ebd98cdb9cae,Bridge Street (1917),1917,n,,Mapping uncertain; occupation_1917_unmapped,grain_1917
st:9f3697b5948d,corridor:szeroka,Broad Street (1917),1917,y,corridor:szeroka,"→ Szeroka; exists_today refers to physical corridor, not occupation name",grain_1917
st:7dc94505c4b3,corridor:brzeska,Brzeska,1929;1938,y,corridor:brzeska,,directory_1929;directory_1929_counts;normalized_directory;residents_1938;street_names_txt;streets_csv
st:529204dc40c6,st:529204dc40c6,Brzozowa,1929;1938,y,,corridor presumed from continuous urban fabric; no direct OSM name match,street_names_txt;streets_csv;voting_1938
st:804294a9c096,corridor:budowlana,Budowlana,1929;1938,y,corridor:budowlana,,normalized_directory;residents_1938;street_names_txt;streets_csv;voting_1938
st:f0f53b352136,corridor:budyszczanska,Budyszczańska,1929;1938,y,corridor:budyszczanska,,directory_1929_counts;street_names_txt;streets_csv;voting_1938
st:5c7a1c73b8ad,st:5c7a1c73b8ad,Canal Street (1917),1917,n,,Mapping uncertain; occupation_1917_unmapped,grain_1917
st:30448c93a9c0,corridor:cerkiewna,Cerkiewna,1929;1938,y,corridor:cerkiewna,,street_names_txt;streets_csv;voting_1938
st:94e62140bebd,st:94e62140bebd,Chmielna,1929;1938,y,,corridor presumed from continuous urban fabric; no direct OSM name match,street_names_txt;streets_csv;voting_1938
st:7cd511da97f1,corridor:koscielna,Church Street (1917),1917,y,corridor:koscielna,"→ likely Kościelna; exists_today refers to physical corridor, not occupation name",grain_1917
st:53ff53a7c78c,st:53ff53a7c78c,Ciasna,1929;1938,y,,corridor presumed from continuous urban fabric; no direct OSM name match,street_names_txt;streets_csv;voting_1938
st:f7b4e549fc75,corridor:cicha,Cicha,1929;1938,y,corridor:cicha,,street_names_txt;streets_csv;voting_1938
st:bd5e87b32589,st:bd5e87b32589,Cmentarna,1929;1938,y,,corridor presumed from continuous urban fabric; no direct OSM name match,street_names_txt;streets_csv;voting_1938
st:fdbdabf63fc0,st:fdbdabf63fc0,Command Street (1917),1917,n,,Occupation name; occupation_1917_unmapped,grain_1917
st:9e19fc68a23a,st:9e19fc68a23a,Cross Street (1917),1917,n,,Mapping uncertain; occupation_1917_unmapped,grain_1917
st:f0ab7cac5b92,st:f0ab7cac5b92,Cyrkowa,1929;1938,y,,corridor presumed from continuous urban fabric; no direct OSM name match,directory_1929;directory_1929_counts;normalized_directory;residents_1938;street_names_txt;streets_csv;voting_1938
st:3c7332e361c1,st:3c7332e361c1,Dąbrowskiego,1929;1938,y,,corridor presumed from continuous urban fabric; no direct OSM name match,street_names_txt;streets_csv;voting_1938
st:251bb8e83587,st:251bb8e83587,Daszyńskiego,1929;1938,y,,corridor presumed from continuous urban fabric; no direct OSM name match,street_names_txt;streets_csv;voting_1938
st:15d514706add,corridor:wola,Dingerflain / Wallia (1917),1917,y,corridor:wola,"Possibly Wola; exists_today refers to physical corridor, not occupation name",grain_1917
st:76679cae58bf,corridor:dluga,Długa,1929;1938,y,corridor:dluga,corridor presumed from continuous urban fabric; no direct OSM name match,street_names_txt;streets_csv;voting_1938
st:fc9aa66f27db,corridor:gonczarna,Duża Gonczarna,1929;1938,y,corridor:gonczarna,Listed as Dużo Gonczarna in some 1938 sources,street_names_txt;streets_csv;voting_1938
st:4c0504b2bd82,corridor:kolejowa,Dworzec Kolejowy,1929;1938,y,corridor:kolejowa,,normalized_directory;residents_1938;street_names_txt;streets_csv
st:8c99e56c030b,st:8c99e56c030b,Dzika,1929;1938,y,,corridor presumed from continuous urban fabric; no direct OSM name match,directory_1929_counts;street_names_txt;streets_csv;voting_1938
st:e22adf39e946,corridor:fabryczna,Fabritchna Street,1929,y,corridor:fabryczna,Yiddish form of Fabryczna,yizkor_buildings
st:b4ca2b3dbab6,corridor:fabryczna,Fabryczna,1929;1938,y,corridor:fabryczna,,directory_1929;directory_1929_counts;normalized_directory;residents_1938;street_names_txt;streets_csv;voting_1938
st:cd6f6ea522b4,corridor:fabryczna,Factory Street (1917),1917,y,corridor:fabryczna,"→ Fabryczna; exists_today refers to physical corridor, not occupation name",grain_1917
st:e825ae25d5bb,st:e825ae25d5bb,Filarecka,1929;1938,y,,corridor presumed from continuous urban fabric; no direct OSM name match,street_names_txt;streets_csv;voting_1938
st:a4d379428fac,corridor:strazacka,Fire Street (1917),1917,y,corridor:strazacka,"→ Strażacka; exists_today refers to physical corridor, not occupation name",grain_1917
st:7f218c8a4ecb,st:7f218c8a4ecb,Franz Josef Street (1917),1917,n,,Occupation name; occupation_1917_unmapped,grain_1917
st:b36c06889bb5,st:b36c06889bb5,Friedrich Wilhelm Street (1917),1917,n,,Occupation name; occupation_1917_unmapped,grain_1917
st:a2bd93e01792,corridor:ogrodowa,Garden Street (1917),1917,y,corridor:ogrodowa,"→ Ogrodowa; exists_today refers to physical corridor, not occupation name",grain_1917
st:31cbbf94ed7a,corridor:gorka,Garka Street (1917),1917,y,corridor:gorka,"→ Górka; exists_today refers to physical corridor, not occupation name",grain_1917
st:5ded37d3f644,st:5ded37d3f644,Gęsia,1929;1938,y,,corridor presumed from continuous urban fabric; no direct OSM name match,street_names_txt;streets_csv;voting_1938
st:b4db7e819386,st:b4db7e819386,Gibalskiego,1929;1938,y,,corridor presumed from continuous urban fabric; no direct OSM name match,street_names_txt;streets_csv;voting_1938
st:6db12fc2b6d9,corridor:gorka,Górka,1929;1938,y,corridor:gorka,corridor presumed from continuous urban fabric; no direct OSM name match,directory_1929;directory_1929_counts;street_names_txt;streets_csv
st:2644500ba4f8,st:2644500ba4f8,Górka Tranzyt Lubelski i Brzeski,1938,y,,corridor presumed from continuous urban fabric; no direct OSM name match,voting_1938
st:8ee7809108a1,st:8ee7809108a1,Gospodarcza,1929;1938,y,,corridor presumed from continuous urban fabric; no direct OSM name match,street_names_txt;streets_csv;voting_1938
st:df20b1d11c76,corridor:szkolna,Gymnasium Street (1917),1917,y,corridor:szkolna,"Near schools / Szkolna; exists_today refers to physical corridor, not occupation name",grain_1917
st:0e27ecbf0b22,st:0e27ecbf0b22,Hagwer Street (1917),1917,n,,Occupation name; OCR uncertain; occupation_1917_unmapped,grain_1917
st:0a7dd821acfd,st:0a7dd821acfd,Hallera,1929;1938,y,,corridor presumed from continuous urban fabric; no direct OSM name match,street_names_txt;streets_csv
st:4c6cf3513098,st:4c6cf3513098,Halter Street (1917),1917,n,,Occupation name; occupation_1917_unmapped,grain_1917
st:cd91d9f1265f,corridor:handlowa,Handlowa,1929;1938,y,corridor:handlowa,,directory_1929;directory_1929_counts;street_names_txt;streets_csv;voting_1938
st:d9ec22da37c5,corridor:gonczarna,Hantsharne Street (1917),1917,y,corridor:gonczarna,"→ Gonczarna; exists_today refers to physical corridor, not occupation name",grain_1917
st:115fe1f7c88b,st:115fe1f7c88b,Holm Street (1917),1917,n,,Chełm direction; mapping uncertain; occupation_1917_unmapped,grain_1917
st:73057fed3c4b,st:73057fed3c4b,Hołówki,1929;1938,y,,corridor presumed from continuous urban fabric; no direct OSM name match,street_names_txt;streets_csv;voting_1938
st:01f73e6b0ec5,st:01f73e6b0ec5,Hoża,1929;1938,y,,corridor presumed from continuous urban fabric; no direct OSM name match,street_names_txt;streets_csv;voting_1938
st:83d00a1ce573,st:83d00a1ce573,Infantry Street (1917),1917,n,,Occupation name; occupation_1917_unmapped,grain_1917
st:4996d9fe551f,st:4996d9fe551f,Jasna,1929;1938,y,,corridor presumed from continuous urban fabric; no direct OSM name match,street_names_txt;streets_csv;voting_1938
st:465f4c07a46c,st:465f4c07a46c,Jaworowa,1929;1938,y,,corridor presumed from continuous urban fabric; no direct OSM name match,directory_1929_counts;street_names_txt;streets_csv;voting_1938
st:008b4de9a1a7,st:008b4de9a1a7,Jewish Street (1917),1917,n,,Jewish quarter; mapping uncertain; occupation_1917_unmapped,grain_1917
st:7f896183a25f,st:7f896183a25f,Judge Street (1917),1917,n,,Occupation name; occupation_1917_unmapped,grain_1917
st:ec1247315c79,st:ec1247315c79,Jurist Street (1917),1917,n,,Occupation name; occupation_1917_unmapped,grain_1917
st:73fa54329f8a,corridor:warszawska_lutska,Kaiser Street (1917),1917,y,corridor:warszawska_lutska,"Occupation-era name; likely Warszawska/Łucka axis; exists_today refers to physical corridor, not occupation name",grain_1917
st:3ab4a3c72979,corridor:komorowska,Kamarawer Street (1917),1917,y,corridor:komorowska,"→ Komorowska; exists_today refers to physical corridor, not occupation name",grain_1917
st:322e039579fb,corridor:kapielowa,Kąpielowa,1929;1938,y,corridor:kapielowa,corridor presumed from continuous urban fabric; no direct OSM name match,street_names_txt;streets_csv;voting_1938
st:08455aafe871,st:08455aafe871,Karl Street (1917),1917,n,,Occupation name; occupation_1917_unmapped,grain_1917
st:3b4a32a09ba0,st:3b4a32a09ba0,King Ferdinand Street (1917),1917,n,,Occupation name; occupation_1917_unmapped,grain_1917
st:a39b8f9fba52,corridor:kolejowa,Kolejowa,1929;1938,y,corridor:kolejowa,,directory_1929;directory_1929_counts;normalized_directory;residents_1938;street_names_txt;streets_csv;voting_1938
st:930dfcf3a505,st:930dfcf3a505,Kołodnicka,1929;1938,y,,corridor presumed from continuous urban fabric; no direct OSM name match,directory_1929;directory_1929_counts;normalized_directory;residents_1938;street_names_txt;streets_csv;voting_1938
st:c290c2a90186,corridor:komorowska,Komorowska,1929;1938,y,corridor:komorowska,corridor presumed from continuous urban fabric; no direct OSM name match,directory_1929;directory_1929_counts;street_names_txt;streets_csv;voting_1938
st:becf704481a7,corridor:koscielna,Kościelna,1929;1938,y,corridor:koscielna,,directory_1929;directory_1929_counts;normalized_directory;residents_1938;street_names_txt;streets_csv;voting_1938
st:b7d5a2f0721a,corridor:kosciuszki,Kościuszki,1929;1938,y,corridor:kosciuszki,corridor presumed from continuous urban fabric; no direct OSM name match,directory_1929;directory_1929_counts;normalized_directory;residents_1938;street_names_txt;streets_csv;voting_1938
st:7b574d9136eb,st:7b574d9136eb,Koszykowa,1929;1938,y,,corridor presumed from continuous urban fabric; no direct OSM name match,street_names_txt;streets_csv;voting_1938
st:73f54a990ae8,st:73f54a990ae8,Kowalska,1929;1938,y,,corridor presumed from continuous urban fabric; no direct OSM name match,directory_1929;street_names_txt;streets_csv;voting_1938
st:3bede82eb9c6,st:3bede82eb9c6,Kowel II (1917),1917,n,,"District/area label, not a street; occupation_1917_unmapped",grain_1917
st:780c3cb529ff,st:780c3cb529ff,Krakowska,1929;1938,y,,corridor presumed from continuous urban fabric; no direct OSM name match,street_names_txt;streets_csv;voting_1938
st:20a4ac065264,st:20a4ac065264,Kresowa,1929;1938,y,,corridor presumed from continuous urban fabric; no direct OSM name match,street_names_txt;streets_csv;voting_1938
st:28d5192be7fc,st:28d5192be7fc,Królowej Bony,1920;1929;1938,y,,corridor presumed from continuous urban fabric; no direct OSM name match,directory_1929;doctors_1920;normalized_directory;residents_1938;street_names_txt;streets_csv;voting_1938
st:c1a83457d847,corridor:krotka,Krótka,1929;1938,y,corridor:krotka,corridor presumed from continuous urban fabric; no direct OSM name match,directory_1929;directory_1929_counts;street_names_txt;streets_csv;voting_1938
st:1d984196618b,st:1d984196618b,Krucza,1929;1938,y,,corridor presumed from continuous urban fabric; no direct OSM name match,street_names_txt;streets_csv;voting_1938
st:90f60b1f52cc,st:90f60b1f52cc,Krzywa,1929;1938,y,,corridor presumed from continuous urban fabric; no direct OSM name match,directory_1929;directory_1929_counts;street_names_txt;streets_csv;voting_1938
st:10c0b10ce82a,st:10c0b10ce82a,ks. Bandurskiego,1929;1938,y,,corridor presumed from continuous urban fabric; no direct OSM name match,street_names_txt;streets_csv;voting_1938
st:4bd4007e76c8,st:4bd4007e76c8,ks. Sznarbachowskiego,1929;1938,y,,corridor presumed from continuous urban fabric; no direct OSM name match,street_names_txt;streets_csv;voting_1938
st:38d3e64fa67c,st:38d3e64fa67c,Landwehr Canal Street (1917),1917,n,,Occupation military name; occupation_1917_unmapped,grain_1917
st:71263da6cd19,st:71263da6cd19,Landwehr Street (1917),1917,n,,Occupation military name; occupation_1917_unmapped,grain_1917
st:81e3311d53b2,st:81e3311d53b2,Landwehr-Canal Street (1917),1917,n,,Occupation military name; occupation_1917_unmapped,grain_1917
st:bba659338b37,st:bba659338b37,Legionów,1929;1938,y,,corridor presumed from continuous urban fabric; no direct OSM name match,directory_1929;street_names_txt;streets_csv;voting_1938
st:65046e2e7397,st:65046e2e7397,Limanowskiego,1929;1938,y,,corridor presumed from continuous urban fabric; no direct OSM name match,street_names_txt;streets_csv;voting_1938
st:f39f62fd854a,st:f39f62fd854a,Lisa Kuli,1929;1938,y,,corridor presumed from continuous urban fabric; no direct OSM name match,street_names_txt;streets_csv;voting_1938
st:b3eef9adf412,corridor:listopadowa,Listopadowa,1929;1938,y,corridor:listopadowa,corridor presumed from continuous urban fabric; no direct OSM name match,directory_1929;directory_1929_counts;normalized_directory;residents_1938;street_names_txt;streets_csv;voting_1938
st:6505fdd3aabd,corridor:warszawska_lutska,Loizker Street (1917),1917,y,corridor:warszawska_lutska,"→ Łucka / Warszawska; exists_today refers to physical corridor, not occupation name",grain_1917
st:1ccfe2312e1e,corridor:lubliniecka,Lublin Street (1917),1917,y,corridor:lubliniecka,"→ Lubliniecka; exists_today refers to physical corridor, not occupation name",grain_1917
st:65aa7e79edc2,corridor:lubliniecka,Lubliniecka,1929;1938,y,corridor:lubliniecka,corridor presumed from continuous urban fabric; no direct OSM name match,street_names_txt;streets_csv;voting_1938
st:deb1b321e31a,corridor:warszawska_lutska,Łucka,1919;1920;1929;1938,y,corridor:warszawska_lutska,Renamed ~1919 to Warszawska (street_names.txt); still appears in some 1929–1938 listings,directory_1929;directory_1929_counts;doctors_1920;normalized_directory;residents_1938;street_names_txt;streets_csv
st:597503e50c85,corridor:wlodzimierska,Ludomir Street,1929,y,corridor:wlodzimierska,Yiddish form related to Włodzimierska / Ludmir,yizkor_buildings
st:9b6f13f5921a,st:9b6f13f5921a,Luitpold Street (1917),1917,n,,Occupation name; occupation_1917_unmapped,grain_1917
st:352381a6f05d,corridor:warszawska_lutska,Lutske Street,1929,y,corridor:warszawska_lutska,Yiddish/Hebrew form of Łucka,yizkor_buildings
st:b128888290ca,st:b128888290ca,al. M arszałka Piłsudskiego,1938,y,,corridor presumed from continuous urban fabric; no direct OSM name match,voting_1938
st:dc704ea0c8ea,corridor:maciejowska,Maciejowska,1929;1938,y,corridor:maciejowska,corridor presumed from continuous urban fabric; no direct OSM name match,directory_1929;directory_1929_counts;normalized_directory;residents_1938;street_names_txt;streets_csv;voting_1938
st:113bd24cb1f7,st:113bd24cb1f7,Magazine Street (1917),1917,n,,Occupation name; occupation_1917_unmapped,grain_1917
st:4c39bff61583,st:4c39bff61583,Magistracka,1929;1938,y,,corridor presumed from continuous urban fabric; no direct OSM name match,directory_1929_counts;normalized_directory;residents_1938;street_names_txt;streets_csv;voting_1938
st:a6d8a4320c7a,corridor:gonczarna,Mała Gonczarna,1929;1938,y,corridor:gonczarna,Listed as Mało Gonczarna in some 1938 sources,street_names_txt;streets_csv;voting_1938
st:bafec548d490,corridor:rynek,Market Street (1917),1917,y,corridor:rynek,"→ Rynek area; exists_today refers to physical corridor, not occupation name",grain_1917
st:cf2a5e00a240,corridor:pilsudskiego,al. Marszałka Piłsudskiego,1929;1938,y,corridor:pilsudskiego,corridor presumed from continuous urban fabric; no direct OSM name match,street_names_txt;streets_csv;voting_1938
st:a299e25171d8,st:a299e25171d8,Marszałka Śmigłego Rydza,1938,y,,corridor presumed from continuous urban fabric; no direct OSM name match,voting_1938
st:dda60c421b8a,st:dda60c421b8a,Matseyev Street,1929,y,,Yiddish form (Matseyever); corridor presumed from continuous urban fabric; no direct OSM name match,yizkor_buildings
st:ed1d6204f0c4,corridor:pomnikowa,Memorial Street (1917),1917,y,corridor:pomnikowa,"→ Pomnikowa / Policyjna; exists_today refers to physical corridor, not occupation name",grain_1917
st:57d62842bea3,corridor:mickiewicza,Mickiewicza,1920;1929;1938,y,corridor:mickiewicza,,directory_1929;directory_1929_counts;doctors_1920;normalized_directory;residents_1938;street_names_txt;streets_csv;voting_1938
st:90488c14540d,st:90488c14540d,Mieszczańska,1929;1938,y,,corridor presumed from continuous urban fabric; no direct OSM name match,directory_1929;directory_1929_counts;street_names_txt;streets_csv;voting_1938
st:45e2f0299592,st:45e2f0299592,Mijanka - Jachów,1938,y,,corridor presumed from continuous urban fabric; no direct OSM name match,voting_1938
st:d143ce761db8,st:d143ce761db8,Mijanka-Jachów,1929;1938,y,,corridor presumed from continuous urban fabric; no direct OSM name match,street_names_txt;streets_csv
st:92e212bf9eaf,st:92e212bf9eaf,Miła,1929;1938,y,,corridor presumed from continuous urban fabric; no direct OSM name match,street_names_txt;streets_csv;voting_1938
st:dca0c14cb5aa,corridor:mlynarska,Miller Street (1917),1917,y,corridor:mlynarska,"→ Młynarska; exists_today refers to physical corridor, not occupation name",grain_1917
st:665358b46f64,corridor:miodowa,Miodowa,1929;1938,y,corridor:miodowa,,street_names_txt;streets_csv;voting_1938
st:5d6294ff7acf,corridor:mlynarska,Młynarska,1929;1938,y,corridor:mlynarska,corridor presumed from continuous urban fabric; no direct OSM name match,normalized_directory;residents_1938;street_names_txt;streets_csv
st:e4743d70f22f,st:e4743d70f22f,Mokra,1929;1938,y,,corridor presumed from continuous urban fabric; no direct OSM name match,directory_1929;street_names_txt;streets_csv;voting_1938
st:160d62af1c5b,corridor:monopolowa,Monopol Street (1917),1917,y,corridor:monopolowa,"→ Monopolowa; exists_today refers to physical corridor, not occupation name",grain_1917
st:b501d35a5470,corridor:monopolowa,Monopolowa,1929;1938,y,corridor:monopolowa,corridor presumed from continuous urban fabric; no direct OSM name match,directory_1929;directory_1929_counts;normalized_directory;residents_1938;street_names_txt;streets_csv;voting_1938
st:9da1dfe0f245,st:9da1dfe0f245,Mościckiego,1929;1938,y,,corridor presumed from continuous urban fabric; no direct OSM name match,street_names_txt;streets_csv;voting_1938
st:d25eb51723c2,st:d25eb51723c2,Myśliwska,1929;1938,y,,corridor presumed from continuous urban fabric; no direct OSM name match,street_names_txt;streets_csv;voting_1938
st:d0a6cf7a31d8,corridor:nadbrzezna,Nadbrzeżna,1929;1938,y,corridor:nadbrzezna,,street_names_txt;streets_csv;voting_1938
st:5ef7f9badb05,st:5ef7f9badb05,Narożna,1929;1938,y,,corridor presumed from continuous urban fabric; no direct OSM name match,street_names_txt;streets_csv;voting_1938
st:947d90f9fc57,st:947d90f9fc57,Nasypowa,1929;1938,y,,corridor presumed from continuous urban fabric; no direct OSM name match,street_names_txt;streets_csv;voting_1938
st:bb715e9bf812,st:bb715e9bf812,Niecała,1929;1938,y,,corridor presumed from continuous urban fabric; no direct OSM name match,street_names_txt;streets_csv;voting_1938
st:1d299266926d,st:1d299266926d,Nikolayev Street (1917),1917,n,,Occupation / Russian-era name; occupation_1917_unmapped,grain_1917
st:3086533992eb,corridor:nowa,Nowa,1929;1938,y,corridor:nowa,,normalized_directory;residents_1938;street_names_txt;streets_csv
st:d44d661a32e7,corridor:kolejowa,Nowo-Kolejowa,1920;1938,y,corridor:kolejowa,1920 doctors list; New Railway Street; related to Kolejowa corridor,doctors_1920;normalized_directory
st:e09256a286a4,st:e09256a286a4,Nowowiejska,1929;1938,y,,corridor presumed from continuous urban fabric; no direct OSM name match,street_names_txt;streets_csv;voting_1938
st:cb5e782741e3,st:cb5e782741e3,Nowy Świat,1929;1938,y,,corridor presumed from continuous urban fabric; no direct OSM name match,street_names_txt;streets_csv;voting_1938
st:5803ac56e4f3,corridor:obwodowa,Obwodowa i Okrzei,1929;1938,y,corridor:obwodowa,Combined listing in streets.csv; also appears split as Obwodowa / Okrzei,street_names_txt;streets_csv;voting_1938
st:4b78a6fbd581,st:4b78a6fbd581,od Bezimiennej i Limanowskiego,1938,y,,corridor presumed from continuous urban fabric; no direct OSM name match,voting_1938
st:8206e4a8cb05,corridor:ogrodowa,Ogrodowa,1929;1938,y,corridor:ogrodowa,,directory_1929;street_names_txt;streets_csv;voting_1938
st:9f028d7bfd7f,corridor:kolejowa,Old Vakzalna Street,1929,y,corridor:kolejowa,Old station street,places_described
st:bd656119ed03,corridor:parkowa,Parkowa,1929;1938,y,corridor:parkowa,,street_names_txt;streets_csv;voting_1938
st:483d6d9d7c21,st:483d6d9d7c21,Pasieczna,1929;1938,y,,corridor presumed from continuous urban fabric; no direct OSM name match,street_names_txt;streets_csv;voting_1938
st:5db3eb50390e,st:5db3eb50390e,Pereca,1929;1938,y,,corridor presumed from continuous urban fabric; no direct OSM name match,street_names_txt;streets_csv;voting_1938
st:143bfae61bfc,corridor:piaskowa,Piaskowa,1929;1938,y,corridor:piaskowa,,street_names_txt;streets_csv;voting_1938
st:15e97eb03ba4,corridor:pilsudskiego,Piłsudskiego,1929;1938,y,corridor:pilsudskiego,corridor presumed from continuous urban fabric; no direct OSM name match,directory_1929;normalized_directory;residents_1938;street_names_txt;streets_csv
st:4ce743decd76,st:4ce743decd76,Podjaworska,1929;1938,y,,corridor presumed from continuous urban fabric; no direct OSM name match,street_names_txt;streets_csv;voting_1938
st:12775d955a8c,st:12775d955a8c,Pograniczna,1929;1938,y,,corridor presumed from continuous urban fabric; no direct OSM name match,street_names_txt;streets_csv;voting_1938
st:9ff1c2a99762,corridor:poleska,Poleska,1929;1938,y,corridor:poleska,,street_names_txt;streets_csv;voting_1938
st:e1bc135ed2c5,corridor:pomnikowa,Policyjna,1920;1938,y,corridor:pomnikowa,Earlier name of Pomnikowa (Jaworowski: Policyjna 1 → Pomnikowa 15); corridor presumed from continuous urban fabric; no direct OSM name match,doctors_1920;normalized_directory
st:59f1a6d240d6,corridor:polna,Polna,1929;1938,y,corridor:polna,,street_names_txt;streets_csv;voting_1938
st:8bda8bd689e5,corridor:polnocna,Północna,1929;1938,y,corridor:polnocna,,street_names_txt;streets_csv;voting_1938
st:42c76cf99282,corridor:poludniowa,Południowa,1929;1938,y,corridor:poludniowa,,street_names_txt;streets_csv;voting_1938
st:96353b1acb99,corridor:pomnikowa,Pomnikowa,1929;1938,y,corridor:pomnikowa,Formerly Policyjna; corridor presumed from continuous urban fabric; no direct OSM name match,directory_1929;directory_1929_counts;normalized_directory;residents_1938;street_names_txt;streets_csv;voting_1938
st:c8b5d0ce54e6,corridor:pomnikowa,pl. Pomnikowy,1929;1938,y,corridor:pomnikowa,corridor presumed from continuous urban fabric; no direct OSM name match,residents_1938;street_names_txt;streets_csv
st:6c733bf1078d,st:6c733bf1078d,Poniatowskiego,1929;1938,y,,corridor presumed from continuous urban fabric; no direct OSM name match,directory_1929_counts;normalized_directory;residents_1938;street_names_txt;streets_csv;voting_1938
st:99c2fce7f0bb,st:99c2fce7f0bb,Poprzeczna,1929;1938,y,,corridor presumed from continuous urban fabric; no direct OSM name match,directory_1929;directory_1929_counts;street_names_txt;streets_csv
st:aad9e7d279a3,st:aad9e7d279a3,Powurska,1929;1938,y,,corridor presumed from continuous urban fabric; no direct OSM name match,street_names_txt;streets_csv;voting_1938
st:d19665668bd3,st:d19665668bd3,Privislian Street (1917),1917,n,,Occupation name; occupation_1917_unmapped,grain_1917
st:3e103592c8ff,st:3e103592c8ff,Prosta,1929;1938,y,,corridor presumed from continuous urban fabric; no direct OSM name match,street_names_txt;streets_csv;voting_1938
st:400d6dce164f,st:400d6dce164f,Prussian Street (1917),1917,n,,Occupation name; occupation_1917_unmapped,grain_1917
st:44c9b66e3348,st:44c9b66e3348,Przeskok,1929;1938,y,,corridor presumed from continuous urban fabric; no direct OSM name match,street_names_txt;streets_csv;voting_1938
st:d3c824d96bc2,st:d3c824d96bc2,Rolna,1929;1938,y,,corridor presumed from continuous urban fabric; no direct OSM name match,street_names_txt;streets_csv;voting_1938
st:2ddaa8c0fce3,corridor:rynek,Rynek,1929;1938,y,corridor:rynek,,directory_1929;directory_1929_counts;street_names_txt;streets_csv
st:78b23f2a0a0a,corridor:rzeczna,Rzeczna,1929;1938,y,corridor:rzeczna,,street_names_txt;streets_csv;voting_1938
st:184193a653cb,corridor:sadowa,Sadowa,1929;1938,y,corridor:sadowa,,normalized_directory;residents_1938;street_names_txt;streets_csv
st:60682e9ee2da,corridor:piaskowa,Sand Street (1917),1917,y,corridor:piaskowa,"→ Piaskowa; exists_today refers to physical corridor, not occupation name",grain_1917
st:4441de7b3e93,corridor:szkolna,School Street (1917),1917,y,corridor:szkolna,"→ Szkolna; exists_today refers to physical corridor, not occupation name",grain_1917
st:50b20f3baeea,st:50b20f3baeea,Shinena,1929,y,,Synagogue Street (Hebrew map label); corridor presumed from continuous urban fabric; no direct OSM name match,hebrew_map
st:5d3d89171ee3,corridor:sienkiewicza,Sienkiewicza,1929;1938,y,corridor:sienkiewicza,corridor presumed from continuous urban fabric; no direct OSM name match,directory_1929;directory_1929_counts;normalized_directory;residents_1938;street_names_txt;streets_csv;voting_1938
st:d6612e6947b5,corridor:szlachecka,Sliachetske Street (1917),1917,y,corridor:szlachecka,"→ Szlachecka; exists_today refers to physical corridor, not occupation name",grain_1917
st:e8fb14a9cdfe,corridor:soborna,Soborna,1929;1938,y,corridor:soborna,,directory_1929;directory_1929_counts;street_names_txt;streets_csv;voting_1938
st:15ab97a7fe5f,corridor:soborna,Soborny,1929;1938,y,corridor:soborna,,normalized_directory;residents_1938;street_names_txt;streets_csv
st:5bda6645680a,st:5bda6645680a,Spokojna,1929;1938,y,,corridor presumed from continuous urban fabric; no direct OSM name match,street_names_txt;streets_csv;voting_1938
st:dc2d0b613971,st:dc2d0b613971,Star Street (1917),1917,n,,Occupation name; occupation_1917_unmapped,grain_1917
st:454965ed7e51,st:454965ed7e51,Staro Cmentarna,1929;1938,y,,corridor presumed from continuous urban fabric; no direct OSM name match,street_names_txt;streets_csv;voting_1938
st:6696b3e78791,corridor:kolejowa,Staro-Kolejowa,1920;1938,y,corridor:kolejowa,1920 doctors list; Old Railway Street; related to Kolejowa corridor,doctors_1920;normalized_directory
st:fb254c9428bf,st:fb254c9428bf,Staszyca,1929;1938,y,,corridor presumed from continuous urban fabric; no direct OSM name match,street_names_txt;streets_csv;voting_1938
st:caad7d6a665b,corridor:strazacka,Strażacka,1929;1938,y,corridor:strazacka,corridor presumed from continuous urban fabric; no direct OSM name match,street_names_txt;streets_csv;voting_1938
st:dc9cb5bd6dc9,st:dc9cb5bd6dc9,Strzelecka,1929;1938,y,,corridor presumed from continuous urban fabric; no direct OSM name match,normalized_directory;residents_1938;street_names_txt;streets_csv;voting_1938
st:cc14765c1322,st:cc14765c1322,Suarawer Street (1917),1917,n,,Occupation name; OCR uncertain; occupation_1917_unmapped,grain_1917
st:93fc35af3563,st:93fc35af3563,Sulkiewicza,1929;1938,y,,corridor presumed from continuous urban fabric; no direct OSM name match,street_names_txt;streets_csv;voting_1938
st:c12bd83c3995,corridor:szeroka,Szeroka,1929;1938,y,corridor:szeroka,corridor presumed from continuous urban fabric; no direct OSM name match,street_names_txt;streets_csv;voting_1938
st:9c84194b4033,st:9c84194b4033,Szewczenki,1929;1938,y,,,street_names_txt;streets_csv;voting_1938
st:ef71a5dea0c1,corridor:szkolna,Szkolna,1929;1938,y,corridor:szkolna,,directory_1929;directory_1929_counts;street_names_txt;streets_csv;voting_1938
st:445fa6fe3ce4,corridor:szlachecka,Szlachecka,1929;1938,y,corridor:szlachecka,corridor presumed from continuous urban fabric; no direct OSM name match,street_names_txt;streets_csv;voting_1938
st:d5c18733f324,corridor:szpitalna,Szpitalna,1929;1938,y,corridor:szpitalna,,street_names_txt;streets_csv;voting_1938
st:8322c5bb8dbd,st:8322c5bb8dbd,Szuhajskiego,1929;1938,y,,corridor presumed from continuous urban fabric; no direct OSM name match,street_names_txt;streets_csv;voting_1938
st:b232a7f52697,corridor:topolowa,Topolowa,1929;1938,y,corridor:topolowa,,street_names_txt;streets_csv;voting_1938
st:651d80142ac9,st:651d80142ac9,Torowa,1929;1938,y,,corridor presumed from continuous urban fabric; no direct OSM name match,street_names_txt;streets_csv;voting_1938
st:0333eea2e574,st:0333eea2e574,Toruńska,1929;1938,y,,corridor presumed from continuous urban fabric; no direct OSM name match,street_names_txt;streets_csv
st:1bfe2c8b9501,st:1bfe2c8b9501,Tranzyt Sarny,1929;1938,n,,Route/area label rather than a lasting street corridor,street_names_txt;streets_csv;voting_1938
st:628e3aa832e7,st:628e3aa832e7,Turkish Street (1917),1917,n,,Mapping uncertain; occupation_1917_unmapped,grain_1917
st:729abcf19c16,st:729abcf19c16,Tuszowskiego,1929;1938,y,,corridor presumed from continuous urban fabric; no direct OSM name match,directory_1929_counts;normalized_directory;residents_1938;street_names_txt;streets_csv;voting_1938
st:44fdcb77dadd,st:44fdcb77dadd,Waligórskiego,1929;1938,y,,corridor presumed from continuous urban fabric; no direct OSM name match,street_names_txt;streets_csv;voting_1938
st:06caf55d067c,corridor:warszawska_lutska,Warszawska,1919;1929;1938,y,corridor:warszawska_lutska,Formerly Łucka before ~1919; main commercial thoroughfare (today largely вул. Незалежності),directory_1929;directory_1929_counts;normalized_directory;residents_1938;street_names_txt;streets_csv
st:e3b275b33687,st:e3b275b33687,Wąska,1929;1938,y,,corridor presumed from continuous urban fabric; no direct OSM name match,street_names_txt;streets_csv;voting_1938
st:f7480e0d8288,st:f7480e0d8288,Wiejska,1929;1938,y,,corridor presumed from continuous urban fabric; no direct OSM name match,directory_1929_counts;street_names_txt;streets_csv;voting_1938
st:9733c564ad02,st:9733c564ad02,Wielka,1929;1938,y,,corridor presumed from continuous urban fabric; no direct OSM name match,street_names_txt;streets_csv;voting_1938
st:6060842bb0d2,st:6060842bb0d2,Wierzbowa,1929;1938,y,,corridor presumed from continuous urban fabric; no direct OSM name match,directory_1929;directory_1929_counts;street_names_txt;streets_csv;voting_1938
st:0814ac27b0de,st:0814ac27b0de,Więzienna,1920;1929;1938,y,,corridor presumed from continuous urban fabric; no direct OSM name match,directory_1929;directory_1929_counts;doctors_1920;normalized_directory;street_names_txt;streets_csv;voting_1938
st:db332ec14a36,corridor:zwirki_wigury,Wigury,1929;1938,y,corridor:zwirki_wigury,corridor presumed from continuous urban fabric; no direct OSM name match,street_names_txt;streets_csv;voting_1938
st:d2b8f6c783cf,st:d2b8f6c783cf,Wilcza,1929;1938,y,,corridor presumed from continuous urban fabric; no direct OSM name match,street_names_txt;streets_csv;voting_1938
st:61c4d35f6565,corridor:wlodzimierska,Włodzimierska,1929;1938,y,corridor:wlodzimierska,,directory_1929;normalized_directory;residents_1938;street_names_txt;streets_csv;voting_1938
st:93d8f9c4666b,st:93d8f9c4666b,Wojskowa,1929;1938,y,,corridor presumed from continuous urban fabric; no direct OSM name match,directory_1929_counts;normalized_directory;residents_1938;street_names_txt;streets_csv
st:ede6cf91d124,corridor:wola,Wola,1929;1938,y,corridor:wola,,street_names_txt;streets_csv;voting_1938
st:ec44a6c2f97b,st:ec44a6c2f97b,pl. Wolności,1929;1938,y,,corridor presumed from continuous urban fabric; no direct OSM name match,street_names_txt;streets_csv
st:110cdd2da896,st:110cdd2da896,Wrzosowa,1929;1938,y,,corridor presumed from continuous urban fabric; no direct OSM name match,street_names_txt;streets_csv;voting_1938
st:25323c83456e,st:25323c83456e,Wspólna,1929;1938,y,,corridor presumed from continuous urban fabric; no direct OSM name match,street_names_txt;streets_csv;voting_1938
st:f8df00b026ac,st:f8df00b026ac,Wygonna,1929;1938,y,,corridor presumed from continuous urban fabric; no direct OSM name match,street_names_txt;streets_csv;voting_1938
st:702ed1bad6b7,corridor:kolejowa,Zaułek Kolejowy,1929;1938,y,corridor:kolejowa,,street_names_txt;streets_csv;voting_1938
st:f5ea64af1ef6,st:f5ea64af1ef6,Zaułek Krótki,1929;1938,y,,corridor presumed from continuous urban fabric; no direct OSM name match,street_names_txt;streets_csv;voting_1938
st:941b38e0d754,corridor:soborna,Zaułek Soborny,1929,y,corridor:soborna,Alley off Soborna,directory_1929
st:5f6a1f4ac6ba,st:5f6a1f4ac6ba,Żeromskiego,1929;1938,y,,corridor presumed from continuous urban fabric; no direct OSM name match,street_names_txt;streets_csv;voting_1938
st:afc127c8843e,st:afc127c8843e,Zgoda,1929;1938,y,,corridor presumed from continuous urban fabric; no direct OSM name match,street_names_txt;streets_csv;voting_1938
st:ad7e64808fb7,corridor:zielona,Zielona,1929;1938,y,corridor:zielona,,street_names_txt;streets_csv;voting_1938
st:a2e016a7d260,st:a2e016a7d260,Żórawia,1929;1938,y,,corridor presumed from continuous urban fabric; no direct OSM name match,street_names_txt;streets_csv;voting_1938
st:6ff2403fca70,corridor:zwirki_wigury,Żwirki,1929;1938,y,corridor:zwirki_wigury,corridor presumed from continuous urban fabric; no direct OSM name match,street_names_txt;streets_csv;voting_1938
