Id,Source,Target,Label,Type,Weight,Kind,Color
1,1,2,ul. Szpitalna,Undirected,1,road,
2,2,3,ul. Szpitalna,Undirected,1,road,
3,3,4,ul. Malinowska,Undirected,1,road,
4,4,5,ul. Łucka,Undirected,1,road,
5,5,6,ul. Łucka,Undirected,1,road,
6,6,7,ul. Zamoyskiego,Undirected,1,road,
7,7,8,ul. Poniatowskiego,Undirected,1,road,
8,8,9,ul. Kulowa,Undirected,1,road,
9,9,10,ul. Warszawska,Undirected,1,road,
10,10,11,ul. Kościuszki,Undirected,1,road,
11,11,12,ul. Jurydyczna,Undirected,1,road,
12,12,13,ul. Jurydyczna,Undirected,1,road,
13,13,14,ul. Jurydyczna,Undirected,1,road,
14,14,15,ul. Magistracka,Undirected,1,road,
15,15,16,ul. Magistracka,Undirected,1,road,
16,16,17,ul. Magistracka,Undirected,1,road,
17,17,18,ul. Handlowa,Undirected,1,road,
18,18,19,ul. Handlowa,Undirected,1,road,
19,19,20,ul. Handlowa,Undirected,1,road,
22,22,23,ul. Brzeska,Undirected,1,road,
23,23,24,ul. Garncarska,Undirected,1,road,
24,24,25,ul. Garncarska,Undirected,1,road,
25,26,27,ul. Budowlana,Undirected,1,road,
26,27,5,ul. Łucka,Undirected,1,road,
27,4,28,ul. Łucka,Undirected,1,road,
28,28,29,ul. Budowlana,Undirected,1,road,
29,28,30,ul. Malinowska,Undirected,1,road,
30,27,31,ul. Jurydyczna,Undirected,1,road,
31,31,6,ul. Łucka,Undirected,1,road,
32,31,32,ul. Jurydyczna,Undirected,1,road,
33,32,33,ul. Jurydyczna,Undirected,1,road,
34,33,34,ul. Jurydyczna,Undirected,1,road,
35,34,35,ul. Jurydyczna,Undirected,1,road,
36,34,36,ul. Budzyńska,Undirected,1,road,
37,36,37,ul. Budzyńska,Undirected,1,road,
38,37,38,ul. Komarowska,Undirected,1,road,
39,37,39,ul. Budzyńska,Undirected,1,road,
40,33,40,ul. Budzyńska,Undirected,1,road,
41,40,36,ul. Budzyńska,Undirected,1,road,
42,37,41,ul. Komarowska,Undirected,1,road,
43,41,42,ul. Komarowska,Undirected,1,road,
44,31,43,ul. Jurydyczna,Undirected,1,road,
45,43,44,ul. Pomnikowa,Undirected,1,road,
46,44,45,ul. Pomnikowa,Undirected,1,road,
47,45,46,ul. Kowalska,Undirected,1,road,
48,46,40,ul. Mickiewicza,Undirected,1,road,
49,33,44,ul. Pomnikowa,Undirected,1,road,
51,46,47,ul. Mickiewicza,Undirected,1,road,
52,47,48,ul. Mickiewicza,Undirected,1,road,
53,48,49,ul. Budzyńska,Undirected,1,road,
54,49,50,ul. Monopolowa,Undirected,1,road,
55,50,41,ul. Monopolowa,Undirected,1,road,
56,50,51,ul. Monopolowa,Undirected,1,road,
57,51,52,ul. Monopolowa,Undirected,1,road,
58,52,47,ul. Mickiewicza,Undirected,1,road,
59,13,51,ul. Kościuszki,Undirected,1,road,
60,10,47,ul. Kościuszki,Undirected,1,road,
61,11,53,ul. Kościuszki,Undirected,1,road,
62,9,46,ul. Mickiewicza,Undirected,1,road,
63,54,55,ul. Kowalska,Undirected,1,road,
64,55,8,ul. Kowalska,Undirected,1,road,
65,55,45,ul. Pomnikowa,Undirected,1,road,
66,55,56,ul. Pomnikowa,Undirected,1,road,
67,56,43,ul. Pomnikowa,Undirected,1,road,
68,56,7,ul. Pomnikowa,Undirected,1,road,
69,56,57,ul. Pomnikowa,Undirected,1,road,
70,5,58,ul. Malinowska,Undirected,1,road,
71,58,59,ul. Graniczna,Undirected,1,road,
72,59,60,ul. Dzierżyńskiego,Undirected,1,road,
73,60,61,ul. Dzierżyńskiego,Undirected,1,road,
74,61,58,ul. Graniczna,Undirected,1,road,
75,62,59,ul. Graniczna,Undirected,1,road,
76,62,63,ul. Szlachcica,Undirected,1,road,
77,63,64,ul. Szlachcica,Undirected,1,road,
78,64,65,ul. Poniatowskiego,Undirected,1,road,
79,65,6,ul. Strażacka,Undirected,1,road,
80,63,58,ul. Graniczna,Undirected,1,road,
81,62,66,ul. Dzierżyńskiego,Undirected,1,road,
82,66,67,ul. Dąbrowskiego,Undirected,1,road,
83,67,68,ul. Poprzeczna,Undirected,1,road,
84,68,69,,Undirected,1,road,
85,69,70,ul. 50. Kompanii,Undirected,1,road,
86,70,71,ul. 50. Kompanii,Undirected,1,road,
87,71,72,ul. Kulowa,Undirected,1,road,
88,72,73,ul. Kulowa,Undirected,1,road,
89,73,8,ul. Kulowa,Undirected,1,road,
90,73,74,ul. Żeromskiego,Undirected,1,road,
91,74,75,ul. Poniatowskiego,Undirected,1,road,
92,75,76,ul. Zamoyskiego,Undirected,1,road,
93,75,65,ul. Zamoyskiego,Undirected,1,road,
95,77,64,ul. Szlachcica,Undirected,1,road,
96,71,78,ul. Koszowa,Undirected,1,road,
97,78,79,ul. Perza,Undirected,1,road,
98,72,80,ul. Żeromskiego,Undirected,1,road,
99,80,81,ul. Perza,Undirected,1,road,
100,81,74,ul. Poniatowskiego,Undirected,1,road,
101,74,81,ul. Poniatowskiego,Undirected,1,road,
102,81,82,ul. Perza,Undirected,1,road,
103,82,78,ul. Koszowa,Undirected,1,road,
104,70,83,ul. Koszowa,Undirected,1,road,
105,83,84,ul. Listopadowa,Undirected,1,road,
106,84,82,ul. Listopadowa,Undirected,1,road,
108,66,84,ul. Poprzeczna,Undirected,1,road,
109,84,85,ul. Szlachcica,Undirected,1,road,
110,69,86,,Undirected,1,road,
111,86,87,ul. 50. Kompanii,Undirected,1,road,
112,87,88,ul. Królowej Bony,Undirected,1,road,
113,88,89,ul. Królowej Bony,Undirected,1,road,
114,89,90,ul. 50. Kompanii,Undirected,1,road,
115,90,91,ul. 50. Kompanii,Undirected,1,road,
116,91,71,ul. 50. Kompanii,Undirected,1,road,
117,91,92,ul. 50. Kompanii,Undirected,1,road,
118,92,69,ul. 50. Kompanii,Undirected,1,road,
119,87,93,ul. Królowej Bony,Undirected,1,road,
120,93,94,ul. Królowej Bony,Undirected,1,road,
121,93,95,ul. Królowej Bony,Undirected,1,road,
122,86,96,ul. Prytyckiego,Undirected,1,road,
123,96,12,ul. Jurydyczna,Undirected,1,road,
124,12,96,ul. Jurydyczna,Undirected,1,road,
125,96,97,ul. Prytyckiego,Undirected,1,road,
126,97,14,Turja River,Undirected,1,water,
127,97,98,ul. Pożarna,Undirected,1,road,
128,98,18,ul. Handlowa,Undirected,1,road,
129,98,99,ul. Pożarna,Undirected,1,road,
130,99,100,ul. Olżyczna,Undirected,1,road,
131,100,101,ul. Olżyczna,Undirected,1,road,
132,101,102,ul. Olżyczna,Undirected,1,road,
133,102,20,ul. Olżyczna,Undirected,1,road,
134,102,103,ul. Olżyczna,Undirected,1,road,
135,103,104,ul. Handlowa,Undirected,1,road,
136,103,100,ul. Olżyczna,Undirected,1,road,
137,103,98,ul. Pożarna,Undirected,1,road,
138,105,17,ul. Soborna,Undirected,1,road,
139,16,106,ul. Magistracka,Undirected,1,road,
140,106,107,ul. Magistracka,Undirected,1,road,
141,108,109,ul. Magistracka,Undirected,1,road,
142,109,110,ul. Gniłowa,Undirected,1,road,
143,110,111,ul. Nadbrzeżna,Undirected,1,road,
144,111,20,ul. Handlowa,Undirected,1,road,
145,19,111,ul. Handlowa,Undirected,1,road,
146,18,112,ul. Handlowa,Undirected,1,road,
147,112,110,ul. Handlowa,Undirected,1,road,
148,112,113,ul. Handlowa,Undirected,1,road,
149,113,109,ul. Magistracka,Undirected,1,road,
150,112,114,ul. Handlowa,Undirected,1,road,
151,14,115,Turja River,Undirected,1,water,
152,115,116,Turja River,Undirected,1,water,
153,115,117,Turja River,Undirected,1,water,
154,117,118,Turja River,Undirected,1,water,
155,118,119,Turja River,Undirected,1,water,
156,119,21,Turja River,Undirected,1,water,
157,21,101,Turja River,Undirected,1,water,
158,101,120,Turja River,Undirected,1,water,
159,120,121,Turja River,Undirected,1,water,
160,121,122,Turja River,Undirected,1,water,
161,122,123,Turja River,Undirected,1,water,
162,123,124,Turja River,Undirected,1,water,
163,124,125,Turja River,Undirected,1,water,
164,125,126,Turja River,Undirected,1,water,
165,126,127,Turja River,Undirected,1,water,
166,128,129,rail road,Undirected,1,rail,
167,129,124,rail road,Undirected,1,rail,
168,124,130,rail road,Undirected,1,rail,
169,131,129,,Undirected,1,road,
170,129,132,,Undirected,1,road,
171,132,101,ul. Olżyczna,Undirected,1,road,
172,101,133,ul. Olżyczna,Undirected,1,road,
173,133,134,ul. Brzeska,Undirected,1,road,
174,135,136,ul. Garncarska,Undirected,1,road,
175,136,137,ul. Brzeska,Undirected,1,road,
176,22,138,ul. Brzeska,Undirected,1,road,
177,138,139,ul. Garncarska,Undirected,1,road,
178,139,24,ul. Garncarska,Undirected,1,road,
179,140,141,ul. Garncarska,Undirected,1,road,
180,142,143,,Undirected,1,road,
181,143,144,ul. Maceiwska,Undirected,1,road,
183,24,147,ul. Maceiwska,Undirected,1,road,
184,23,148,ul. Maceiwska,Undirected,1,road,
185,123,97,Turja River,Undirected,1,water,
186,149,150,,Undirected,1,road,
187,150,151,,Undirected,1,road,
188,151,86,,Undirected,1,road,
189,67,152,ul. Dąbrowskiego,Undirected,1,road,
190,152,153,ul. Dąbrowskiego,Undirected,1,road,
191,154,152,ul. Dąbrowskiego,Undirected,1,road,
192,152,155,ul. Dąbrowskiego,Undirected,1,road,
193,155,152,ul. Dąbrowskiego,Undirected,1,road,
194,152,156,ul. Dąbrowskiego,Undirected,1,road,
195,157,158,ul. Dąbrowskiego,Undirected,1,road,
199,164,166,rail road,Undirected,1,rail,
200,166,130,rail road,Undirected,1,rail,
201,130,167,rail road,Undirected,1,rail,
202,167,168,rail road,Undirected,1,rail,
203,168,169,rail road,Undirected,1,rail,
204,169,170,rail road,Undirected,1,rail,
205,170,171,rail road,Undirected,1,rail,
206,171,172,rail road,Undirected,1,rail,
207,172,173,rail road,Undirected,1,rail,
208,173,174,,Undirected,1,road,
209,174,168,,Undirected,1,road,
210,168,175,,Undirected,1,road,
211,175,68,,Undirected,1,road,
213,176,177,ul. Wola,Undirected,1,road,
214,176,178,ul. Monopolowa,Undirected,1,road,
215,178,179,,Undirected,1,road,
216,179,180,,Undirected,1,road,
217,179,181,,Undirected,1,road,
218,182,183,ul. Handlowa,Undirected,1,road,
219,183,184,ul. Olżyczna,Undirected,1,road,
220,184,103,ul. Olżyczna,Undirected,1,road,
221,102,185,ul. Olżyczna,Undirected,1,road,
222,185,186,ul. Olżyczna,Undirected,1,road,
223,186,187,ul. Brzeska,Undirected,1,road,
224,186,188,ul. Brzeska,Undirected,1,road,
225,99,189,ul. Pożarna,Undirected,1,road,
226,189,190,ul. Pożarna,Undirected,1,road,
227,88,9,ul. Królowej Bony,Undirected,1,road,
228,3,191,ul. Zamoyskiego,Undirected,1,road,
229,2,192,ul. Szpitalna,Undirected,1,road,
230,193,194,ul. Graniczna,Undirected,1,road,
231,194,195,ul. Graniczna,Undirected,1,road,
232,195,196,ul. Graniczna,Undirected,1,road,
233,196,193,ul. Graniczna,Undirected,1,road,
234,197,198,,Undirected,1,road,
235,198,199,,Undirected,1,road,
236,199,200,,Undirected,1,road,
237,200,197,,Undirected,1,road,
238,16,201,ul. Magistracka,Undirected,1,road,
239,201,202,ul. Magistracka,Undirected,1,road,
240,202,203,ul. Magistracka,Undirected,1,road,
241,203,204,ul. Magistracka,Undirected,1,road,
242,204,205,ul. Magistracka,Undirected,1,road,
243,205,206,ul. Magistracka,Undirected,1,road,
246,209,210,Turja River,Undirected,1,water,
247,211,212,Turja River,Undirected,1,water,
248,213,214,Turja River,Undirected,1,water,
249,215,216,ul. Poprzeczna,Undirected,1,road,
250,216,217,ul. 50. Kompanii,Undirected,1,road,
251,279,280,,Undirected,1,road,
252,280,281,ul. Kościelna,Undirected,1,road,
253,281,282,ul. Kościelna,Undirected,1,road,
254,282,279,,Undirected,1,road,
255,307,308,Turja River,Undirected,1,water,
256,311,312,Turja River,Undirected,1,water,
257,314,315,Turja River,Undirected,1,water,
258,316,317,Turja River,Undirected,1,water,
259,90,358,ul. 50. Kompanii,Undirected,1,road,
260,358,359,ul. 50. Kompanii,Undirected,1,road,
261,359,360,ul. 50. Kompanii,Undirected,1,road,
267,378,386,,Directed,1,arrow,black
268,258,387,,Directed,1,arrow,black
269,257,388,,Directed,1,arrow,black
270,264,389,,Directed,1,arrow,black
271,264,390,,Directed,1,arrow,black
274,20,393,ul. Żytnia,Undirected,1,road,
275,393,21,ul. Żytnia,Undirected,1,road,
276,392,393,,Undirected,1,road,
277,393,111,,Undirected,1,road,
278,391,394,,Undirected,1,road,
279,394,392,,Undirected,1,road,
280,111,394,,Undirected,1,road,
282,110,391,,Undirected,1,road,
284,106,395,,Undirected,1,road,
285,395,391,,Undirected,1,road,
286,109,395,,Undirected,1,road,
287,395,391,,Undirected,1,road,
288,391,118,,Undirected,1,road,
289,21,396,ul. Brzeska,Undirected,1,road,
290,396,22,ul. Brzeska,Undirected,1,road,
291,187,396,,Undirected,1,road,
292,396,397,,Undirected,1,road,
293,397,398,,Undirected,1,road,
294,398,399,,Undirected,1,road,
295,118,400,ul. Monopolowa,Undirected,1,road,
296,400,176,ul. Monopolowa,Undirected,1,road,
297,399,400,,Undirected,1,road,
299,75,401,ul. Zamoyskiego,Undirected,1,road,
300,401,77,ul. Zamoyskiego,Undirected,1,road,
301,81,401,,Undirected,1,road,
302,294,83,,Directed,1,arrow,black
303,287,402,,Directed,1,arrow,black
304,223,403,,Directed,1,arrow,grey
305,221,404,,Directed,1,arrow,grey
306,296,405,,Directed,1,arrow,black
307,240,406,,Directed,1,arrow,black
308,240,407,,Directed,1,arrow,black
