Id,Source,Target,Label,Type,Weight
1,1,2,,Undirected,1
2,2,3,,Undirected,1
3,3,4,,Undirected,1
4,4,5,,Undirected,1
5,5,6,,Undirected,1
6,6,7,,Undirected,1
7,7,8,,Undirected,1
8,8,9,,Undirected,1
9,9,10,,Undirected,1
10,10,11,,Undirected,1
11,11,12,,Undirected,1
12,12,13,,Undirected,1
13,13,14,,Undirected,1
14,14,15,,Undirected,1
15,15,16,,Undirected,1
16,16,17,,Undirected,1
17,17,18,,Undirected,1
18,18,19,,Undirected,1
19,19,20,,Undirected,1
20,20,21,,Undirected,1
21,21,22,,Undirected,1
22,22,23,,Undirected,1
23,23,24,,Undirected,1
24,24,25,,Undirected,1
25,26,27,,Undirected,1
26,27,5,,Undirected,1
27,4,28,,Undirected,1
28,28,29,,Undirected,1
29,28,30,,Undirected,1
30,27,31,,Undirected,1
31,31,6,,Undirected,1
32,31,32,,Undirected,1
33,32,33,,Undirected,1
34,33,34,,Undirected,1
35,34,35,,Undirected,1
36,34,36,,Undirected,1
37,36,37,,Undirected,1
38,37,38,,Undirected,1
39,37,39,,Undirected,1
40,33,40,,Undirected,1
41,40,36,,Undirected,1
42,37,41,,Undirected,1
43,41,42,,Undirected,1
44,31,43,,Undirected,1
45,43,44,,Undirected,1
46,44,45,,Undirected,1
47,45,46,,Undirected,1
48,46,40,,Undirected,1
49,33,44,,Undirected,1
51,46,47,,Undirected,1
52,47,48,,Undirected,1
53,48,49,,Undirected,1
54,49,50,,Undirected,1
55,50,41,,Undirected,1
56,50,51,,Undirected,1
57,51,52,,Undirected,1
58,52,47,,Undirected,1
59,13,51,,Undirected,1
60,10,47,,Undirected,1
61,11,53,,Undirected,1
62,9,46,,Undirected,1
63,54,55,,Undirected,1
64,55,8,,Undirected,1
65,55,45,,Undirected,1
66,55,56,,Undirected,1
67,56,43,,Undirected,1
68,56,7,,Undirected,1
69,56,57,,Undirected,1
70,5,58,,Undirected,1
71,58,59,,Undirected,1
72,59,60,,Undirected,1
73,60,61,,Undirected,1
74,61,58,,Undirected,1
75,62,59,,Undirected,1
76,62,63,,Undirected,1
77,63,64,,Undirected,1
78,64,65,,Undirected,1
79,65,6,,Undirected,1
80,63,58,,Undirected,1
81,62,66,,Undirected,1
82,66,67,,Undirected,1
83,67,68,,Undirected,1
84,68,69,,Undirected,1
85,69,70,,Undirected,1
86,70,71,,Undirected,1
87,71,72,,Undirected,1
88,72,73,,Undirected,1
89,73,8,,Undirected,1
90,73,74,,Undirected,1
91,74,75,,Undirected,1
92,75,76,,Undirected,1
93,75,65,,Undirected,1
94,75,77,,Undirected,1
95,77,64,,Undirected,1
96,71,78,,Undirected,1
97,78,79,,Undirected,1
98,72,80,,Undirected,1
99,80,81,,Undirected,1
100,81,74,,Undirected,1
101,74,81,,Undirected,1
102,81,82,,Undirected,1
103,82,78,,Undirected,1
104,70,83,,Undirected,1
105,83,84,,Undirected,1
106,84,82,,Undirected,1
108,66,84,,Undirected,1
109,84,85,,Undirected,1
110,69,86,,Undirected,1
111,86,87,,Undirected,1
112,87,88,,Undirected,1
113,88,89,,Undirected,1
114,89,90,,Undirected,1
115,90,91,,Undirected,1
116,91,71,,Undirected,1
117,91,92,,Undirected,1
118,92,69,,Undirected,1
119,87,93,,Undirected,1
120,93,94,,Undirected,1
121,93,95,,Undirected,1
122,86,96,,Undirected,1
123,96,12,,Undirected,1
124,12,96,,Undirected,1
125,96,97,,Undirected,1
126,97,14,,Undirected,1
127,97,98,,Undirected,1
128,98,18,,Undirected,1
129,98,99,,Undirected,1
130,99,100,,Undirected,1
131,100,101,,Undirected,1
132,101,102,,Undirected,1
133,102,20,,Undirected,1
134,102,103,,Undirected,1
135,103,104,,Undirected,1
136,103,100,,Undirected,1
137,103,98,,Undirected,1
138,105,17,,Undirected,1
139,16,106,,Undirected,1
140,106,107,,Undirected,1
141,108,109,,Undirected,1
142,109,110,,Undirected,1
143,110,111,,Undirected,1
144,111,20,,Undirected,1
145,19,111,,Undirected,1
146,18,112,,Undirected,1
147,112,110,,Undirected,1
148,112,113,,Undirected,1
149,113,109,,Undirected,1
150,112,114,,Undirected,1
151,14,115,,Undirected,1
152,115,116,,Undirected,1
153,115,117,,Undirected,1
154,117,118,,Undirected,1
155,118,119,,Undirected,1
156,119,21,,Undirected,1
157,21,101,,Undirected,1
158,101,120,,Undirected,1
159,120,121,,Undirected,1
160,121,122,,Undirected,1
161,122,123,,Undirected,1
162,123,124,,Undirected,1
163,124,125,,Undirected,1
164,125,126,,Undirected,1
165,126,127,,Undirected,1
166,128,129,,Undirected,1
167,129,124,,Undirected,1
168,124,130,,Undirected,1
169,131,129,,Undirected,1
170,129,132,,Undirected,1
171,132,101,,Undirected,1
172,101,133,,Undirected,1
173,133,134,,Undirected,1
174,135,136,,Undirected,1
175,136,137,,Undirected,1
176,22,138,,Undirected,1
177,138,139,,Undirected,1
178,139,24,,Undirected,1
179,140,141,,Undirected,1
180,142,143,,Undirected,1
181,143,144,,Undirected,1
183,24,147,,Undirected,1
184,23,148,,Undirected,1
185,123,97,,Undirected,1
186,149,150,,Undirected,1
187,150,151,,Undirected,1
188,151,86,,Undirected,1
189,67,152,,Undirected,1
190,152,153,,Undirected,1
191,154,152,,Undirected,1
192,152,155,,Undirected,1
193,155,152,,Undirected,1
194,152,156,,Undirected,1
195,157,158,,Undirected,1
199,164,166,,Undirected,1
200,166,130,,Undirected,1
201,130,167,,Undirected,1
202,167,168,,Undirected,1
203,168,169,,Undirected,1
204,169,170,,Undirected,1
205,170,171,,Undirected,1
206,171,172,,Undirected,1
207,172,173,,Undirected,1
208,173,174,,Undirected,1
209,174,168,,Undirected,1
210,168,175,,Undirected,1
211,175,68,,Undirected,1
212,118,176,,Undirected,1
213,176,177,,Undirected,1
214,176,178,,Undirected,1
215,178,179,,Undirected,1
216,179,180,,Undirected,1
217,179,181,,Undirected,1
218,182,183,,Undirected,1
219,183,184,,Undirected,1
220,184,103,,Undirected,1
221,102,185,,Undirected,1
222,185,186,,Undirected,1
223,186,187,,Undirected,1
224,186,188,,Undirected,1
225,99,189,,Undirected,1
226,189,190,,Undirected,1
227,88,9,,Undirected,1
228,3,191,,Undirected,1
229,2,192,,Undirected,1
230,193,194,,Undirected,1
231,194,195,,Undirected,1
232,195,196,,Undirected,1
233,196,193,,Undirected,1
234,197,198,,Undirected,1
235,198,199,,Undirected,1
236,199,200,,Undirected,1
237,200,197,,Undirected,1
238,16,201,,Undirected,1
239,201,202,,Undirected,1
240,202,203,,Undirected,1
241,203,204,,Undirected,1
242,204,205,,Undirected,1
243,205,206,,Undirected,1
246,209,210,,Undirected,1
247,211,212,,Undirected,1
248,213,214,,Undirected,1
249,215,216,,Undirected,1
250,216,217,,Undirected,1
251,279,280,,Undirected,1
252,280,281,,Undirected,1
253,281,282,,Undirected,1
254,282,279,,Undirected,1
255,307,308,,Undirected,1
256,311,312,,Undirected,1
257,314,315,,Undirected,1
258,316,317,,Undirected,1
259,90,358,,Undirected,1
260,358,359,,Undirected,1
261,359,360,,Undirected,1
