Id,Label,x,y,pixel_x,pixel_y,lon,lat,utm_easting,utm_northing,node_kind,raw_code,annotator_uncertain,landmark_id,landmark_name,landmark_kind,match_method,confidence,alternatives,notes,nearest_marker_id,georef_role,georef_residual_m
1,Node 1,262.84,-115.31,902.84,567.81,24.7253076,51.2073156,341107.04,5675338.52,intersection,,false,,,,,,,,369,interpolated,
2,Node 2,252.38,-113.23,892.38,565.73,24.7251624,51.2075398,341097.68,5675363.76,intersection,,false,,,,,,,,370,interpolated,
3,Node 3,180.56,-95.16,820.56,547.66,24.7225349,51.2090782,340919.46,5675540.50,intersection,,false,,,,,,,,255,interpolated,
4,Node 4,88.44,-69.72,728.44,522.22,24.7172105,51.2109634,340554.11,5675761.65,intersection,,false,,,,,,,,268,interpolated,
5,Node 5,64.43,-64.75,704.43,517.25,24.7158223,51.2113809,340458.60,5675811.09,intersection,,false,,,,,,,,267,interpolated,
6,Node 6,12.08,-49.93,652.08,502.43,24.7135651,51.2124058,340304.50,5675929.95,intersection,,false,,,,,,,,272,interpolated,
7,Node 7,-33.91,-36.96,606.09,489.46,24.7111329,51.2139045,340139.85,5676101.87,intersection,,false,,,,,,,,362,interpolated,
8,Node 8,-68.32,-28.90,571.68,481.40,24.7090660,51.2139877,339995.79,5676115.62,intersection,,false,,,,,,,,275,interpolated,
9,Node 9,-122.07,-14.12,517.93,466.62,24.7069519,51.2138894,339847.81,5676109.30,intersection,,false,,,,,,,,350,interpolated,
10,Node 10,-160.99,-14.79,479.01,467.29,24.7043107,51.2148404,339666.67,5676220.80,intersection,,false,,,,,,,,347,interpolated,
11,Node 11,-188.84,-13.53,451.16,466.03,24.7025580,51.2151124,339545.22,5676254.86,intersection,,false,,,,,,,,340,interpolated,
12,Node 12,-201.01,-13.89,438.99,466.39,24.7018473,51.2152361,339496.02,5676270.18,intersection,,false,,,,,,,,340,interpolated,
13,Node 13,-238.24,-13.39,401.76,465.89,24.6997818,51.2156901,339353.36,5676325.17,intersection,,false,,,,,,,,288,interpolated,
14,Node 14,-266.47,-14.48,373.53,466.98,24.6982730,51.2160499,339249.25,5676368.48,intersection,,false,,,,,,,,345,interpolated,
15,Node 15,-277.43,-14.44,362.57,466.94,24.6977297,51.2162180,339211.90,5676388.35,intersection,,false,,,,,,,,345,interpolated,
16,Node 16,-329.45,15.39,310.55,437.11,24.6966592,51.2175735,339141.87,5676541.41,intersection,,false,,,,,,,,244,interpolated,
17,Node 17,-341.04,19.71,298.96,432.79,24.6963683,51.2177113,339122.04,5676557.38,intersection,,false,,,,,,,,244,interpolated,
18,Node 18,-368.51,26.40,271.49,426.10,24.6952903,51.2178764,339047.34,5676578.09,intersection,,false,,,,,,,,241,interpolated,
19,Node 19,-383.93,29.49,256.07,423.01,24.6944539,51.2180120,338989.41,5676595.00,intersection,,false,,,,,,,,241,interpolated,
20,Node 20,-404.32,32.31,235.68,420.19,24.6931724,51.2182645,338900.81,5676625.88,intersection,,false,,,,,,,,326,interpolated,
21,Node 21,-425.69,36.86,214.31,415.64,24.6917854,51.2186937,338805.45,5676676.65,intersection,,false,,,,,,,,326,interpolated,
22,Node 22,-464.31,42.14,175.69,410.36,24.6892762,51.2194154,338632.76,5676762.40,intersection,,false,,,,,,,,246,interpolated,
23,Node 23,-493.94,45.32,146.06,407.18,24.6874451,51.2198716,338506.50,5676817.15,intersection,,false,,,,,,,,246,interpolated,
24,Node 24,-519.01,49.52,120.99,402.98,24.6859618,51.2202998,338404.43,5676868.03,intersection,,false,,,,,,,,245,interpolated,
25,Node 25,-564.33,55.47,75.67,397.03,24.6833135,51.2210031,338221.99,5676952.05,intersection,,false,,,,,,,,248,interpolated,
26,Node 26,101.56,-178.40,741.56,630.90,24.7176296,51.2073642,340570.95,5675360.54,intersection,,false,,,,,,,,256,interpolated,
27,Node 27,33.41,-139.28,673.41,591.78,24.7138699,51.2095275,340315.84,5675609.24,intersection,,false,,,,,,,,257,interpolated,
28,Node 28,87.29,-79.52,727.29,532.02,24.7172050,51.2106520,340552.65,5675727.04,intersection,,false,,,,,,,,268,interpolated,
29,Node 29,76.36,-101.93,716.36,554.43,24.7166385,51.2100801,340511.11,5675664.67,intersection,,false,,,,,,,,355,interpolated,
30,Node 30,132.25,-91.17,772.25,543.67,24.7199279,51.2097557,340739.72,5675621.47,intersection,,false,,,,,,,,355,interpolated,
31,Node 31,-13.90,-112.52,626.10,565.02,24.7118514,51.2108544,340179.46,5675761.17,intersection,,false,,,,,,,,354,interpolated,
32,Node 32,-24.00,-138.50,616.00,591.00,24.7106771,51.2101317,340094.94,5675683.37,intersection,,false,,,,,,,,380,interpolated,
33,Node 33,-89.60,-119.67,550.40,572.17,24.7073612,51.2112456,339867.22,5675814.44,intersection,,false,,,,,,,,334,interpolated,
34,Node 34,-75.53,-160.83,564.47,613.33,24.7075413,51.2098556,339874.98,5675659.50,intersection,,false,,,,,,,,379,interpolated,
35,Node 35,-33.10,-159.54,606.90,612.04,24.7097881,51.2095340,340030.78,5675618.85,intersection,,false,,,,,,,,380,interpolated,
36,Node 36,-107.92,-159.65,532.08,612.15,24.7057610,51.2103156,339752.24,5675714.53,intersection,,false,,,,,,,,327,interpolated,
37,Node 37,-106.11,-176.75,533.89,629.25,24.7055788,51.2097746,339737.64,5675654.77,intersection,,false,,,,,,,,327,interpolated,
38,Node 38,-103.36,-221.51,536.64,674.01,24.7049964,51.2083743,339692.10,5675500.35,intersection,,false,,,,,,,,328,interpolated,
39,Node 39,-73.04,-174.60,566.96,627.10,24.7074409,51.2094277,339866.48,5675612.14,intersection,,false,,,,,,,,379,interpolated,
40,Node 40,-111.40,-118.44,528.60,570.94,24.7061753,51.2115953,339785.61,5675855.92,intersection,,false,,,,,,,,334,interpolated,
41,Node 41,-195.21,-187.16,444.79,639.66,24.7000662,51.2105085,339355.19,5675748.41,intersection,,false,,,,,,,,328,interpolated,
42,Node 42,-200.61,-225.34,439.39,677.84,24.6991419,51.2093355,339286.55,5675620.01,intersection,,false,,,,,,,,328,interpolated,
43,Node 43,-33.69,-108.58,606.31,561.08,24.7108700,51.2110950,340111.75,5675790.06,intersection,,false,,,,,,,,330,interpolated,
44,Node 44,-79.71,-94.75,560.29,547.25,24.7082518,51.2118766,339931.61,5675882.66,intersection,,false,,,,,,,,333,interpolated,
45,Node 45,-90.08,-90.91,549.92,543.41,24.7076976,51.2121060,339893.70,5675909.37,intersection,,false,,,,,,,,332,interpolated,
46,Node 46,-114.94,-86.38,525.06,538.88,24.7064719,51.2125648,339809.69,5675963.06,intersection,,false,,,,,,,,335,interpolated,
47,Node 47,-155.56,-86.85,484.44,539.35,24.7041579,51.2130482,339649.77,5676021.87,intersection,,false,,,,,,,,339,interpolated,
48,Node 48,-153.42,-114.07,486.58,566.57,24.7039524,51.2123348,339632.94,5675942.99,intersection,,false,,,,,,,,331,interpolated,
49,Node 49,-159.64,-152.81,480.36,605.31,24.7028872,51.2112213,339554.68,5675821.50,intersection,,false,,,,,,,,327,interpolated,
50,Node 50,-194.39,-153.27,445.61,605.77,24.7006481,51.2115590,339399.48,5675863.94,intersection,,false,,,,,,,,373,interpolated,
51,Node 51,-191.17,-110.10,448.83,562.60,24.7014700,51.2127628,339461.07,5675996.00,intersection,,false,,,,,,,,373,interpolated,
52,Node 52,-172.61,-91.20,467.39,543.70,24.7029548,51.2130822,339565.87,5676028.27,intersection,,false,,,,,,,,336,interpolated,
53,Node 53,-188.92,-34.93,451.08,487.43,24.7022582,51.2144934,339522.13,5676186.70,intersection,,false,,,,,,,,340,interpolated,
54,Node 54,-117.97,-59.89,522.03,512.39,24.7067636,51.2132922,339832.59,5676043.31,intersection,,false,,,,,,,,344,interpolated,
55,Node 55,-78.09,-61.73,561.91,514.23,24.7085925,51.2128810,339958.88,5675993.61,intersection,,false,,,,,,,,337,interpolated,
56,Node 56,-41.85,-69.18,598.15,521.68,24.7107100,51.2123468,340104.92,5675929.59,intersection,,false,,,,,,,,333,interpolated,
57,Node 57,3.80,-69.36,643.80,521.86,24.7130789,51.2119073,340268.83,5675875.57,intersection,,false,,,,,,,,259,interpolated,
58,Node 58,116.86,7.80,756.86,444.70,24.7186609,51.2135221,340664.24,5676043.00,intersection,,false,,,,,,,,262,interpolated,
59,Node 59,144.58,46.97,784.58,405.53,24.7202549,51.2145445,340779.08,5676153.22,intersection,,false,,,,,,,,353,interpolated,
60,Node 60,164.06,34.70,804.06,417.80,24.7211651,51.2138606,340840.28,5676075.22,intersection,,false,,,,,,,,261,interpolated,
61,Node 61,138.13,2.53,778.13,449.97,24.7197835,51.2130585,340741.03,5675989.02,intersection,,false,,,,,,,,261,interpolated,
62,Node 62,97.66,74.22,737.66,378.28,24.7182627,51.2160362,340645.11,5676323.41,intersection,,false,,,,,,,,228,interpolated,
63,Node 63,68.89,33.52,708.89,418.98,24.7165532,51.2150084,340522.18,5676212.83,intersection,,false,,,,,,,,263,interpolated,
64,Node 64,58.34,17.46,698.34,435.04,24.7159507,51.2145349,340478.47,5676161.49,intersection,,false,,,,,,,,270,interpolated,
65,Node 65,32.23,-21.40,672.23,473.90,24.7146345,51.2131732,340381.84,5676012.94,intersection,,false,,,,,,,,266,interpolated,
66,Node 66,16.60,125.93,656.60,326.57,24.7153801,51.2184911,340452.30,5676602.62,intersection,,false,,,,,,,,233,interpolated,
67,Node 67,0.21,135.97,640.21,316.53,24.7147633,51.2189731,340410.90,5676657.55,intersection,,false,,,,,,,,377,interpolated,
68,Node 68,-76.75,170.59,563.25,281.91,24.7112265,51.2208291,340170.37,5676871.60,intersection,,false,,,,,,,,235,interpolated,
69,Node 69,-89.03,147.57,550.97,304.93,24.7103237,51.2202074,340105.18,5676804.45,intersection,,false,,,,,,,,306,interpolated,
70,Node 70,-81.11,76.90,558.89,375.60,24.7103765,51.2176009,340099.83,5676514.51,intersection,,false,,,,,,,,304,interpolated,
71,Node 71,-77.07,46.17,562.93,406.33,24.7103248,51.2160865,340090.97,5676346.25,intersection,,false,,,,,,,,299,interpolated,
72,Node 72,-72.50,17.88,567.50,434.62,24.7099112,51.2150629,340058.54,5676233.33,intersection,,false,,,,,,,,278,interpolated,
73,Node 73,-71.42,-2.11,568.58,454.61,24.7092290,51.2148296,340010.09,5676208.88,intersection,,false,,,,,,,,278,interpolated,
74,Node 74,-16.48,-2.26,623.52,454.76,24.7124745,51.2151029,340237.68,5676232.20,intersection,,false,,,,,,,,276,interpolated,
75,Node 75,-3.28,-4.18,636.72,456.68,24.7131488,51.2147306,340283.48,5676189.34,intersection,,false,,,,,,,,274,interpolated,
76,Node 76,-11.31,-43.39,628.69,495.89,24.7124560,51.2131187,340229.52,5676011.62,intersection,,false,,,,,,,,260,interpolated,
77,Node 77,10.06,42.61,650.06,409.89,24.7143352,51.2160091,340370.76,5676328.91,intersection,,false,,,,,,,,357,interpolated,
78,Node 78,-55.45,46.59,584.55,405.91,24.7115439,51.2162945,340176.82,5676366.72,intersection,,false,,,,,,,,296,interpolated,
79,Node 79,-45.44,-2.14,594.56,454.64,24.7108389,51.2151115,340123.50,5676236.71,intersection,,false,,,,,,,,371,interpolated,
80,Node 80,-49.78,18.51,590.22,433.99,24.7111650,51.2155500,340147.79,5676284.76,intersection,,false,,,,,,,,371,interpolated,
81,Node 81,-20.94,18.72,619.06,433.78,24.7126420,51.2156898,340251.41,5676297.10,intersection,,false,,,,,,,,367,interpolated,
82,Node 82,-32.49,55.70,607.51,396.80,24.7127748,51.2166988,340264.17,5676409.00,intersection,,false,,,,,,,,297,interpolated,
83,Node 83,-29.52,79.39,610.48,373.11,24.7130953,51.2174055,340289.00,5676486.87,intersection,,false,,,,,,,,297,interpolated,
84,Node 84,-13.98,72.31,626.02,380.19,24.7136971,51.2170920,340329.95,5676450.71,intersection,,false,,,,,,,,297,interpolated,
85,Node 85,62.60,24.17,702.60,428.33,24.7161907,51.2147418,340495.94,5676183.98,intersection,,false,,,,,,,,271,interpolated,
86,Node 86,-135.79,118.52,504.21,333.98,24.7072493,51.2198853,339889.39,5676775.32,intersection,,false,,,,,,,,292,interpolated,
87,Node 87,-132.64,64.62,507.36,387.88,24.7071259,51.2178793,339873.81,5676552.55,intersection,,false,,,,,,,,298,interpolated,
88,Node 88,-129.11,39.60,510.89,412.90,24.7062938,51.2165298,339811.02,5676404.32,intersection,,false,,,,,,,,301,interpolated,
89,Node 89,-116.86,39.93,523.14,412.57,24.7070467,51.2164559,339863.34,5676394.46,intersection,,false,,,,,,,,301,interpolated,
90,Node 90,-115.37,47.57,524.63,404.93,24.7074263,51.2167499,339890.86,5676426.32,intersection,,false,,,,,,,,298,interpolated,
91,Node 91,-103.48,47.20,536.52,405.30,24.7083652,51.2164551,339955.41,5676391.50,intersection,,false,,,,,,,,299,interpolated,
92,Node 92,-109.16,103.32,530.84,349.18,24.7088978,51.2191107,340001.81,5676685.61,intersection,,false,,,,,,,,305,interpolated,
93,Node 93,-162.65,61.06,477.35,391.44,24.7057329,51.2182377,339777.79,5676595.44,intersection,,false,,,,,,,,303,interpolated,
94,Node 94,-176.85,59.98,463.15,392.52,24.7049028,51.2182653,339719.91,5676600.32,intersection,,false,,,,,,,,303,interpolated,
95,Node 95,-160.95,43.90,479.05,408.60,24.7051693,51.2170158,339734.18,5676460.81,intersection,,false,,,,,,,,302,interpolated,
96,Node 96,-211.10,103.77,428.90,348.73,24.7032745,51.2198860,339611.85,5676784.07,intersection,,false,,,,,,,,239,interpolated,
97,Node 97,-282.29,93.06,357.71,359.44,24.6997531,51.2195350,339364.74,5676752.74,intersection,,false,,,,,,,,291,interpolated,
98,Node 98,-344.91,79.35,295.09,373.15,24.6968618,51.2194495,339162.56,5676749.56,intersection,,false,,,,,,,,290,interpolated,
99,Node 99,-379.27,100.75,260.73,351.75,24.6952000,51.2205284,339050.28,5676873.16,intersection,,false,,,,,,,,240,interpolated,
100,Node 100,-383.19,96.62,256.81,355.88,24.6949658,51.2204172,339033.55,5676861.31,intersection,,false,,,,,,,,240,interpolated,
101,Node 101,-424.71,83.95,215.29,368.55,24.6923961,51.2204492,338854.23,5676870.50,intersection,,false,,,,,,,,365,interpolated,
102,Node 102,-413.75,58.75,226.25,393.75,24.6928680,51.2193683,338883.40,5676749.28,intersection,,false,,,,,,,,240,interpolated,
103,Node 103,-374.89,72.50,265.11,380.00,24.6953114,51.2194498,339054.30,5676752.99,intersection,,false,,,,,,,,240,interpolated,
104,Node 104,-359.27,48.61,280.73,403.89,24.6959641,51.2185162,339096.62,5676647.76,intersection,,false,,,,,,,,244,interpolated,
105,Node 105,-324.47,51.66,315.53,400.84,24.6975005,51.2184271,339203.59,5676634.48,intersection,,false,,,,,,,,242,interpolated,
106,Node 106,-355.47,-36.47,284.53,488.97,24.6936197,51.2163272,338925.27,5676409.50,intersection,,false,,,,,,,,375,interpolated,
107,Node 107,-327.52,-53.91,312.48,506.41,24.6940630,51.2157460,338954.20,5676343.90,intersection,,false,,,,,,,,374,interpolated,
108,Node 108,-350.78,-27.56,289.22,480.06,24.6942695,51.2166377,338971.74,5676442.60,intersection,,false,,,,,,,,323,interpolated,
109,Node 109,-373.57,-17.46,266.43,469.96,24.6936865,51.2166523,338931.07,5676445.50,intersection,,false,,,,,,,,324,interpolated,
110,Node 110,-387.84,-11.29,252.16,463.79,24.6930802,51.2166977,338888.90,5676451.88,intersection,,false,,,,,,,,324,interpolated,
111,Node 111,-401.29,-6.52,238.71,459.02,24.6923869,51.2168754,338841.10,5676473.16,intersection,,false,,,,,,,,324,interpolated,
112,Node 112,-379.83,6.47,260.17,446.03,24.6942938,51.2172542,338975.58,5676511.09,intersection,,false,,,,,,,,325,interpolated,
113,Node 113,-365.61,-0.78,274.39,453.28,24.6948867,51.2171735,339016.70,5676500.82,intersection,,false,,,,,,,,325,interpolated,
114,Node 114,-392.41,12.05,247.59,440.45,24.6935952,51.2174490,338927.48,5676534.29,intersection,,false,,,,,,,,325,interpolated,
115,Node 115,-263.31,-106.88,376.69,559.38,24.6966905,51.2135237,339129.94,5676091.06,intersection,,false,,,,,,,,373,interpolated,
116,Node 116,-263.07,-231.56,376.93,684.06,24.6951636,51.2096728,339009.87,5675666.23,intersection,,false,,,,,,,,372,interpolated,
117,Node 117,-325.25,-78.57,314.75,531.07,24.6935580,51.2149296,338916.09,5676254.23,intersection,,false,,,,,,,,253,interpolated,
118,Node 118,-398.66,-33.89,241.34,486.39,24.6914179,51.2161015,338770.74,5676389.24,intersection,,false,,,,,,,,324,interpolated,
119,Node 119,-421.98,4.91,218.02,447.59,24.6913612,51.2174506,338771.49,5676539.36,intersection,,false,,,,,,,,326,interpolated,
120,Node 120,-398.97,109.21,241.03,343.29,24.6941225,51.2210616,338976.91,5676934.81,intersection,,false,,,,,,,,240,interpolated,
121,Node 121,-364.38,131.34,275.62,321.16,24.6960992,51.2215164,339116.51,5676981.05,intersection,,false,,,,,,,,290,interpolated,
122,Node 122,-344.20,160.14,295.80,292.36,24.6972098,51.2224067,339197.16,5677077.60,intersection,,false,,,,,,,,290,interpolated,
123,Node 123,-306.75,239.93,333.25,212.57,24.6993692,51.2250690,339357.21,5677368.90,intersection,,false,,,,,,,,320,interpolated,
124,Node 124,-302.83,285.07,337.17,167.43,24.6998028,51.2267373,339393.29,5677553.45,intersection,,false,,,,,,,,320,interpolated,
125,Node 125,-290.98,327.56,349.02,124.94,24.7006833,51.2282244,339459.94,5677716.87,intersection,,false,,,,,,,,320,interpolated,
126,Node 126,-273.38,361.06,366.62,91.44,24.7018644,51.2292974,339546.13,5677833.60,intersection,,false,,,,,,,,319,interpolated,
127,Node 127,-240.65,405.55,399.35,46.95,24.7039716,51.2306115,339697.80,5677975.11,intersection,,false,,,,,,,,319,interpolated,
128,Node 128,-534.97,324.08,105.03,128.42,24.6876648,51.2305197,338559.12,5678000.61,intersection,,false,,,,,,,,318,interpolated,
129,Node 129,-405.74,305.54,234.26,146.96,24.6945912,51.2284955,339035.58,5677760.35,intersection,,false,,,,,,,,318,interpolated,
130,Node 130,-182.84,271.61,457.16,180.89,24.7060818,51.2251376,339826.11,5677361.87,intersection,,false,,,,,,,,238,interpolated,
131,Node 131,-395.42,406.18,244.58,46.32,24.6957801,51.2321692,339131.40,5678166.22,intersection,,false,,,,,,,,318,interpolated,
132,Node 132,-442.63,141.43,197.37,311.07,24.6917316,51.2227676,338815.93,5677129.74,intersection,,false,,,,,,,,365,interpolated,
133,Node 133,-446.17,74.84,193.83,377.66,24.6909217,51.2204017,338751.11,5676868.46,intersection,,false,,,,,,,,365,interpolated,
134,Node 134,-447.10,65.61,192.90,386.89,24.6907449,51.2200789,338737.64,5676832.96,intersection,,false,,,,,,,,321,interpolated,
135,Node 135,-500.12,83.30,139.88,369.20,24.6876241,51.2213317,338524.12,5676979.10,intersection,,false,,,,,,,,366,interpolated,
136,Node 136,-463.94,78.33,176.06,374.17,24.6898247,51.2207477,338675.72,5676909.34,intersection,,false,,,,,,,,365,interpolated,
137,Node 137,-461.50,95.52,178.50,356.98,24.6901839,51.2213355,338702.86,5676973.91,intersection,,false,,,,,,,,365,interpolated,
138,Node 138,-462.48,67.25,177.52,385.25,24.6897703,51.2203303,338670.46,5676863.04,intersection,,false,,,,,,,,321,interpolated,
139,Node 139,-514.72,71.64,125.28,380.86,24.6865615,51.2210641,338448.99,5676951.68,intersection,,false,,,,,,,,245,interpolated,
140,Node 140,-516.35,61.19,123.65,391.31,24.6863067,51.2206993,338429.92,5676911.69,intersection,,false,,,,,,,,245,interpolated,
141,Node 141,-463.46,56.77,176.54,395.73,24.6895566,51.2199581,338654.24,5676822.13,intersection,,false,,,,,,,,321,interpolated,
142,Node 142,-596.33,25.42,43.67,427.08,24.6809487,51.2202672,338054.28,5676875.44,intersection,,false,,,,,,,,376,interpolated,
143,Node 143,-569.20,22.59,70.80,429.91,24.6824985,51.2198687,338161.10,5676827.71,intersection,,false,,,,,,,,376,interpolated,
144,Node 144,-571.63,-2.57,68.37,455.07,24.6819247,51.2189988,338117.98,5676732.26,intersection,,false,,,,,,,,376,interpolated,
147,Node 147,-521.33,20.27,118.67,432.23,24.6853244,51.2192509,338356.25,5676752.80,intersection,,false,,,,,,,,247,interpolated,
148,Node 148,-497.48,-14.17,142.52,466.67,24.6860919,51.2177265,338404.51,5676581.62,intersection,,false,,,,,,,,247,interpolated,
149,Node 149,-189.12,260.30,450.88,192.20,24.7056380,51.2247820,339793.89,5677323.30,intersection,,false,,,,,,,,238,interpolated,
150,Node 150,-155.84,232.76,484.16,219.74,24.7072643,51.2235219,339903.06,5677179.64,intersection,,false,,,,,,,,236,interpolated,
151,Node 151,-144.44,211.91,495.56,240.59,24.7077215,51.2227109,339932.16,5677088.47,intersection,,false,,,,,,,,236,interpolated,
152,Node 152,25.62,169.27,665.62,283.23,24.7161484,51.2198306,340510.58,5676749.89,intersection,,false,,,,,,,,233,interpolated,
153,Node 153,38.53,185.70,678.53,266.80,24.7168560,51.2202509,340561.44,5676795.09,intersection,,false,,,,,,,,229,interpolated,
154,Node 154,5.82,181.59,645.82,270.91,24.7153713,51.2204275,340458.39,5676817.94,intersection,,false,,,,,,,,377,interpolated,
155,Node 155,48.27,152.79,688.27,299.71,24.7169746,51.2190716,340565.65,5676663.70,intersection,,false,,,,,,,,233,interpolated,
156,Node 156,57.69,168.92,697.69,283.58,24.7175344,51.2195099,340606.26,5676711.22,intersection,,false,,,,,,,,230,interpolated,
157,Node 157,16.64,195.95,656.64,256.55,24.7159712,51.2208021,340501.57,5676858.30,intersection,,false,,,,,,,,229,interpolated,
158,Node 158,15.54,175.09,655.54,277.41,24.7157537,51.2201194,340484.02,5676782.86,intersection,,false,,,,,,,,377,interpolated,
164,Node 164,-333.55,377.74,306.45,74.76,24.6988302,51.2304989,339338.49,5677973.83,intersection,,false,,,,,,,,319,interpolated,
166,Node 166,-283.49,341.43,356.51,111.07,24.7011779,51.2286687,339496.01,5677765.19,intersection,,false,,,,,,,,320,interpolated,
167,Node 167,-70.75,193.80,569.25,258.70,24.7117451,51.2215355,340209.03,5676949.02,intersection,,false,,,,,,,,235,interpolated,
168,Node 168,-63.95,189.46,576.05,263.04,24.7120660,51.2213331,340230.73,5676925.82,intersection,,false,,,,,,,,235,interpolated,
169,Node 169,-42.21,175.78,597.79,276.72,24.7130685,51.2206855,340298.49,5676851.64,intersection,,false,,,,,,,,234,interpolated,
170,Node 170,7.32,145.46,647.32,307.04,24.7151490,51.2192183,340438.68,5676683.98,intersection,,false,,,,,,,,377,interpolated,
171,Node 171,109.53,82.23,749.53,370.27,24.7188827,51.2161596,340688.83,5676335.78,intersection,,false,,,,,,,,353,interpolated,
172,Node 172,137.16,65.90,777.16,386.60,24.7200230,51.2152824,340765.43,5676235.78,intersection,,false,,,,,,,,353,interpolated,
173,Node 173,275.13,-18.92,915.13,471.42,24.7259515,51.2104796,341162.91,5675688.92,intersection,,false,,,,,,,,368,interpolated,
174,Node 174,-56.53,202.02,583.47,250.48,24.7125402,51.2216830,340265.05,5676963.69,intersection,,false,,,,,,,,234,interpolated,
175,Node 175,-68.98,183.87,571.02,268.63,24.7117584,51.2211935,340208.77,5676910.96,intersection,,false,,,,,,,,235,interpolated,
176,Node 176,-429.49,-92.52,210.51,545.02,24.6879651,51.2146778,338524.64,5676238.52,intersection,,false,,,,,,,,251,interpolated,
177,Node 177,-414.10,-105.42,225.90,557.92,24.6884545,51.2142662,338557.38,5676191.67,intersection,,false,,,,,,,,249,interpolated,
178,Node 178,-514.97,-132.32,125.03,584.82,24.6825979,51.2141626,338148.02,5676193.04,intersection,,false,,,,,,,,218,interpolated,
179,Node 179,-527.25,-143.81,112.75,596.31,24.6817348,51.2139262,338086.92,5676168.66,intersection,,false,,,,,,,,218,interpolated,
180,Node 180,-571.92,-131.60,68.08,584.10,24.6795623,51.2147219,337938.00,5676261.92,intersection,,false,,,,,,,,218,interpolated,
181,Node 181,-543.24,-226.87,96.76,679.37,24.6795685,51.2115650,337927.35,5675910.90,intersection,,false,,,,,,,,219,interpolated,
182,Node 182,-390.27,49.21,249.73,403.29,24.6942722,51.2187511,338979.30,5676677.58,intersection,,false,,,,,,,,241,interpolated,
183,Node 183,-403.27,44.56,236.73,407.94,24.6934029,51.2187096,338918.45,5676674.87,intersection,,false,,,,,,,,326,interpolated,
184,Node 184,-409.33,58.09,230.67,394.41,24.6931492,51.2192876,338902.76,5676739.69,intersection,,false,,,,,,,,240,interpolated,
185,Node 185,-425.42,57.26,214.58,395.24,24.6920799,51.2194689,338828.72,5676762.19,intersection,,false,,,,,,,,322,interpolated,
186,Node 186,-434.42,55.53,205.58,396.97,24.6914551,51.2195304,338785.31,5676770.41,intersection,,false,,,,,,,,321,interpolated,
187,Node 187,-434.92,45.54,205.08,406.96,24.6912848,51.2191570,338772.11,5676729.26,intersection,,false,,,,,,,,322,interpolated,
188,Node 188,-442.97,56.77,197.03,395.73,24.6908988,51.2196979,338747.05,5676790.26,intersection,,false,,,,,,,,321,interpolated,
189,Node 189,-363.99,112.26,276.01,340.24,24.6960579,51.2208024,339111.14,5676901.74,intersection,,false,,,,,,,,290,interpolated,
190,Node 190,-332.55,156.83,307.45,295.67,24.6977744,51.2221821,339235.80,5677051.40,intersection,,false,,,,,,,,290,interpolated,
191,Node 191,171.53,-129.32,811.53,581.82,24.7220955,51.2080496,340885.23,5675427.08,intersection,,false,,,,,,,,255,interpolated,
192,Node 192,248.86,-139.39,888.86,591.89,24.7250241,51.2067237,341085.20,5675273.31,intersection,,false,,,,,,,,254,interpolated,
193,Node 193,114.13,90.11,754.13,362.39,24.7191716,51.2163625,340709.70,5676357.71,intersection,,false,,,,,,,,353,interpolated,
194,Node 194,141.85,72.53,781.85,379.97,24.7202980,51.2154447,340785.20,5676253.22,intersection,,false,,,,,,,,353,interpolated,
195,Node 195,132.79,58.36,772.79,394.14,24.7197557,51.2150851,340746.09,5676214.42,intersection,,false,,,,,,,,353,interpolated,
196,Node 196,104.55,76.35,744.55,376.15,24.7185964,51.2160262,340668.38,5676321.57,intersection,,false,,,,,,,,228,interpolated,
197,Node 197,-121.13,201.90,518.87,250.60,24.7090199,51.2222055,340021.07,5677029.45,intersection,,false,,,,,,,,236,interpolated,
198,Node 198,-134.13,182.95,505.87,269.55,24.7079902,51.2216631,339947.29,5676971.38,intersection,,false,,,,,,,,236,interpolated,
199,Node 199,-106.62,164.13,533.38,288.37,24.7094304,51.2208692,340045.09,5676879.98,intersection,,false,,,,,,,,236,interpolated,
200,Node 200,-93.84,181.98,546.16,270.52,24.7103873,51.2213419,340113.55,5676930.45,intersection,,false,,,,,,,,235,interpolated,
201,Node 201,-322.64,-2.35,317.36,454.85,24.6963076,51.2171504,339115.84,5676495.14,intersection,,false,,,,,,,,252,interpolated,
202,Node 202,-327.39,-25.54,312.61,478.04,24.6951279,51.2166292,339031.65,5676439.77,intersection,,false,,,,,,,,374,interpolated,
203,Node 203,-340.14,-43.38,299.86,495.88,24.6938963,51.2161404,338943.94,5676388.12,intersection,,false,,,,,,,,374,interpolated,
204,Node 204,-350.96,-47.73,289.04,500.23,24.6932967,51.2159885,338901.54,5676372.55,intersection,,false,,,,,,,,375,interpolated,
205,Node 205,-382.16,-43.84,257.84,496.34,24.6919450,51.2159034,338806.85,5676366.05,intersection,,false,,,,,,,,375,interpolated,
206,Node 206,-342.83,-44.34,297.17,496.84,24.6937566,51.2161110,338934.08,5676385.16,intersection,,false,,,,,,,,374,interpolated,
209,Node 209,-303.78,-79.98,336.22,532.48,24.6946790,51.2147248,338993.66,5676229.01,intersection,,false,,,,,,,,253,interpolated,
210,Node 210,-276.09,-69.25,363.91,521.75,24.6964748,51.2147373,339119.10,5676226.46,intersection,,false,,,,,,,,253,interpolated,
211,Node 211,-287.33,-89.31,352.67,541.81,24.6954656,51.2142805,339047.03,5676177.88,intersection,,false,,,,,,,,253,interpolated,
212,Node 212,-272.14,-84.74,367.86,537.24,24.6964519,51.2142503,339115.81,5676172.36,intersection,,false,,,,,,,,253,interpolated,
213,Node 213,-251.36,-86.90,388.64,539.40,24.6977143,51.2139520,339202.93,5676136.44,intersection,,false,,,,,,,,345,interpolated,
214,Node 214,-232.62,-96.25,407.38,548.75,24.6988107,51.2134998,339277.92,5676083.75,intersection,,false,,,,,,,,373,interpolated,
215,Node 215,-66.70,124.25,573.30,328.25,24.7114585,51.2192293,340181.02,5676693.23,intersection,,false,,,,,,,,306,interpolated,
216,Node 216,-63.65,110.75,576.35,341.75,24.7115623,51.2187358,340186.56,5676638.12,intersection,,false,,,,,,,,306,interpolated,
217,Node 217,-79.11,107.84,560.89,344.66,24.7106838,51.2188076,340125.47,5676648.02,intersection,,false,,,,,,,,306,interpolated,
218,marker_14,-524.33,-188.26,115.67,640.76,24.6811414,51.2125726,338040.73,5676019.46,marker,14,false,14,Do masowego grobu na Nowym cmentarzu,direction,exact_unique,0.95,,,,interpolated,
219,market_15,-529.66,-212.78,110.34,665.28,24.6804873,51.2118816,337992.63,5675944.07,marker,15,false,15,Kierunek na Łuck (Wołodymyr-Wołyński),direction,typo_fix,0.95,,"market_15 is a typo for marker_15; SW pair with 14 (mass grave at new cemetery), direction to Lutsk",,interpolated,
220,marker_12,-357.94,-118.35,282.06,570.85,24.6910747,51.2137785,338738.65,5676131.70,marker,12,false,12,ul. Wola,street,street_repeat,0.85,,,,interpolated,
221,marker_9,-444.87,4.38,195.13,448.12,24.6898167,51.2177203,338664.58,5676572.75,marker,9,false,9,ul. Żytnia,street,exact_unique,0.95,,,,interpolated,
222,marker_8,-436.17,-16.97,203.83,469.47,24.6897869,51.2168725,338659.54,5676478.54,marker,8,false,8,ul. Nadbrzeżna,street,exact_unique,0.95,,,,interpolated,
223,marker_10,-428.65,-37.15,211.35,489.65,24.6895985,51.2161810,338643.96,5676402.07,marker,10,false,10,ul. Gniłowa,street,exact_unique,0.95,,,,interpolated,
224,marker_M3,10.89,84.29,650.89,368.21,24.7147708,51.2172181,340405.35,5676462.40,marker,M3,false,M3,Stacja elektryczna (nowa),building,exact_unique,0.88,,new electric station in NE Piaski / industrial area,,gcp,0.1
225,marker_60,38.05,69.18,678.05,383.32,24.7157000,51.2165027,340467.77,5676380.83,marker,60,false,60,"Getto ""Piaski""",district,exact_unique,0.95,,,,gcp_outlier,
226,marker_57,35.07,100.72,675.07,351.78,24.7159024,51.2175109,340485.39,5676492.50,marker,57,false,57,ul. Dzierżyńskiego,street,street_repeat,0.85,,,,interpolated,
227,marker_DB,63.22,79.34,703.22,373.16,24.7168315,51.2165693,340547.01,5676385.79,marker,DB,false,D9,"Oddział ""Hehaluc"" i siedziba ""Hehaluc-Gatzair""",building,confusable,0.58,D6:Szpital Żydowski; D8:Obszar zamieszkania pracowników kolei (polski),DB not in legend; next to D5 freight yard and ghetto Piaski. Unused D9 Hehalutz HQ,,interpolated,
228,marker_N8,77.66,60.07,717.66,392.43,24.7172256,51.2158001,340571.87,5676299.40,marker,N8,false,N6,Dom Żydowski - obecnie urząd stanu cywilnego,building,confusable,0.52,"N7:Dom żydowski, zbudowany w 1934 roku; N4:Dom żydowski (obecnie muzeum miejskie); N1:Oddzielone istniejące domy","N8 not in legend; east near A11 Entina synagogue (building still exists). Unused N6 Jewish house, now civil registry",,interpolated,
229,marker_65,47.62,202.39,687.62,250.11,24.7174008,51.2207174,340601.10,5676845.77,marker,65,false,65,Kierunek na Kopodnie,direction,exact_unique,0.95,,,,interpolated,
230,marker_64,70.01,183.48,710.01,269.02,24.7182068,51.2198681,340654.44,5676749.59,marker,64,false,64,Kierunek na Poworsk,direction,exact_unique,0.95,,,,interpolated,
231,marker_63,74.40,155.61,714.40,296.89,24.7181226,51.2189082,340645.25,5676643.04,marker,63,false,63,Kierunek na Nowoswit,direction,exact_unique,0.95,,,,interpolated,
232,marker_69,89.75,126.71,729.75,325.79,24.7184818,51.2178130,340666.55,5676520.49,marker,69,false,61,Kierunek na Szeroką,direction,spatial_unused,0.70,58:Kierunek na Kijów i Łuck,second 69; 69=to Brest belongs on the NW road (node 318). This copy sits in the NE kierunek cluster (62–65); unused 61 Szeroka is east of Kowel,,interpolated,
233,marker_62,24.55,151.64,664.55,300.86,24.7159477,51.2192594,340494.59,5676686.81,marker,62,false,62,ul. Dąbrowskiego,street,exact_unique,0.95,,,,interpolated,
234,marker_D4,-39.36,195.50,600.64,257.00,24.7133508,51.2213115,340320.37,5676920.63,marker,D4,false,D4,Dworzec kolejowy (przywrócony),building,exact_unique,0.95,,northern railway; passenger station,,interpolated,
235,marker_I3,-83.08,187.94,556.92,264.56,24.7110385,51.2214480,340159.39,5676940.83,marker,I3,false,,,,unresolved,0.00,,"Passenger tunnel — English legend only, not in landmarks_transcribed.csv; marker sits on the railway next to D4 station (transcribed I3 already assigned from E3)",,interpolated,
236,marker_J4,-119.51,186.35,520.49,266.15,24.7089526,51.2216792,340014.54,5676971.08,marker,J4,false,J4,Pole do zabawy żołnierzy w piłkę nożną,building,exact_unique,0.95,,,,gcp,0.2
237,marker_24,-93.47,245.55,546.53,206.95,24.7108911,51.2234662,340156.09,5677165.55,marker,24,false,24,"Obwód ""Kowel-2"" (gdzie mieszkali głównie nie-Żydzi)",district,street_repeat,0.85,,,,interpolated,
238,marker_23,-220.59,192.97,419.41,259.53,24.7033073,51.2226529,339623.76,5677091.65,marker,23,false,23,"Obwód ""Pieski""",district,exact_unique,0.95,,,,interpolated,
239,marker_22,-188.64,118.79,451.36,333.71,24.7043794,51.2202776,339690.36,5676825.21,marker,22,false,22,ul. Prytyckiego,street,exact_unique,0.95,,,,interpolated,
240,marker_3,-396.98,75.60,243.02,376.90,24.6940580,51.2197920,338967.97,5676793.79,marker,3,false,3,ul. Olżyczna,street,exact_unique,0.95,,,,interpolated,
241,marker_37,-373.92,43.70,266.08,408.80,24.6951752,51.2184376,339041.26,5676640.74,marker,37,false,37,ul. Handlowa,street,exact_unique,0.95,,,,interpolated,
242,marker_36,-327.18,58.80,312.82,393.70,24.6974759,51.2186573,339202.68,5676660.14,marker,36,false,36,ul. Soborna,street,exact_unique,0.95,,,,interpolated,
243,marker_35,-295.11,30.18,344.89,422.32,24.6982284,51.2175820,339251.48,5676538.93,marker,35,false,35,ul. Kościelna,street,exact_unique,0.95,,,,interpolated,
244,marker_F1,-351.11,37.96,288.89,414.54,24.6962363,51.2181641,339114.40,5676608.01,marker,F1,false,F1,Kościół Rosyjski (obecnie istnieje),building,exact_unique,0.95,,,,gcp,0.1
245,marker_2,-523.52,69.69,116.48,382.81,24.6859935,51.2210863,338409.40,5676955.40,marker,2,false,2,ul. Garncarska,street,exact_unique,0.95,,,,interpolated,
246,marker_4,-465.92,30.47,174.08,422.03,24.6889741,51.2189850,338610.17,5676715.21,marker,4,false,4,ul. Brzeska,street,exact_unique,0.95,,,,interpolated,
247,marker_5,-507.43,7.85,132.57,444.65,24.6859395,51.2186364,338397.05,5676683.12,marker,5,false,5,ul. Maceiwska,street,exact_unique,0.95,,,,interpolated,
248,marker_1,-574.07,58.56,65.93,393.94,24.6827787,51.2212189,338185.40,5676977.22,marker,1,false,1,"W stronę Maceiwa (obecnie wieś Łuków), w stronę Warszawy",direction,exact_unique,0.95,,,,interpolated,
249,marker_12,-405.30,-95.74,234.70,548.24,24.6891364,51.2145097,338605.85,5676217.25,marker,12,false,12,ul. Wola,street,street_repeat,0.85,,,,interpolated,
251,marker_17,-431.88,-73.50,208.12,526.00,24.6883334,51.2152052,338552.21,5676296.35,marker,17,false,17,ul. Monopolowa,street,street_repeat,0.85,,,,interpolated,
252,marker_34,-318.58,-15.00,321.42,467.50,24.6959252,51.2168108,339087.96,5676458.21,marker,34,false,34,ul. Magistracka,street,exact_unique,0.95,,,,interpolated,
253,marker_18,-300.46,-44.67,339.54,497.17,24.6956672,51.2157607,339066.28,5676342.02,marker,18,false,18,"Getto w ""mieście""",district,exact_unique,0.95,,,,interpolated,
254,marker_55,238.42,-128.37,878.42,580.87,24.7249291,51.2072432,341080.36,5675331.28,marker,55,false,55,ul. Szpitalna,street,exact_unique,0.95,,,,gcp,0.5
255,marker_54,185.91,-117.30,825.91,569.80,24.7228533,51.2082761,340938.93,5675450.62,marker,54,false,54,ul. Zamoyskiego,street,exact_unique,0.95,,,,interpolated,
256,marker_53,115.40,-190.60,755.40,643.10,24.7182902,51.2067970,340615.13,5675296.05,marker,53,false,53,Kierunek na Vygonny,direction,street_repeat,0.85,,,,interpolated,
257,marker_41,62.44,-128.31,702.44,580.81,24.7157124,51.2094655,340444.30,5675598.35,marker,41,false,41,ul. Budowlana,street,exact_unique,0.95,,,,interpolated,
258,marker_40,39.62,-79.90,679.62,532.40,24.7146031,51.2112422,340372.97,5675798.31,marker,40,false,40,ul. Łucka,street,exact_unique,0.95,,,,interpolated,
259,marker_D1,15.60,-74.74,655.60,527.24,24.7135321,51.2116870,340299.71,5675850.10,marker,D1,false,D1,"Siedziba ""Gashomer Gatzair""",building,exact_unique,0.95,,,,gcp,0.5
260,marker_M2,-17.15,-56.58,622.85,509.08,24.7121438,51.2125092,340205.61,5675944.53,marker,M2,false,M2,Fabryka tytoniu,building,exact_unique,0.95,,,,gcp,1.2
261,marker_57,162.61,12.71,802.61,439.79,24.7210576,51.2131049,340830.17,5675991.42,marker,57,false,57,ul. Dzierżyńskiego,street,street_repeat,0.85,,,,interpolated,
262,marker_56,103.75,27.76,743.75,424.74,24.7181007,51.2144066,340628.17,5676142.57,marker,56,false,56,ul. Graniczna,street,exact_unique,0.95,,,,interpolated,
263,marker_59,56.97,41.85,696.97,410.65,24.7161549,51.2154211,340495.79,5676259.59,marker,59,false,59,ul. Szlachcica,street,exact_unique,0.95,,,,interpolated,
264,marker_52,116.54,-33.38,756.54,485.88,24.7186585,51.2119801,340658.74,5675871.55,marker,52,false,52,ul. Malinowska,street,exact_unique,0.95,,,,interpolated,
265,marker_48,59.53,-3.73,699.53,456.23,24.7158230,51.2136778,340466.59,5676066.47,marker,48,false,48,ul. Poniatowskiego,street,street_repeat,0.85,,,,interpolated,
266,marker_42,40.69,-29.80,680.69,482.30,24.7148962,51.2127541,340398.68,5675965.78,marker,42,false,42,ul. Strażacka,street,exact_unique,0.95,,,,interpolated,
267,marker_M1,60.82,-50.69,700.82,503.19,24.7156142,51.2118643,340445.74,5675865.29,marker,M1,false,M1,Młyn Armarnyka,building,exact_unique,0.95,,,,gcp,0.2
268,marker_K8,88.65,-57.41,728.65,509.91,24.7171520,51.2113813,340551.47,5675808.24,marker,K8,false,K6,Park i miejsce do spacerów,building,confusable,0.60,K1:Ogród miejski,K8 not in legend (K stops at K7); east of mill M1; unused K6 park and promenade,,interpolated,
269,marker_D3,35.66,-46.12,675.66,498.62,24.7145729,51.2122360,340374.30,5675908.87,marker,D3,false,D2,"Siedziba ""Beitar"" i ""Bundu""",building,spatial_unused,0.64,"D3:Stadion piłkarski ""Makabi""/""Haszmonia""",second D3 in the east near D1 Hashomer Hatzair; unused D2 is Beitar and Bund HQ (youth-org cluster),,interpolated,
270,marker_A11,75.99,6.26,715.99,446.24,24.7165932,51.2139457,340521.31,5676094.59,marker,A11,false,A11,Synagoga M. Entina (obecnie istnieje),building,exact_unique,0.95,,,,gcp,0.2
271,marker_B3,79.29,16.29,719.29,436.21,24.7168291,51.2142873,340538.96,5676132.06,marker,B3,false,B4,"Gimnazjum Żydowskie ""Tarbut"" (nowe)",building,spatial_unused,0.70,"B3:Gimnazjum Żydowskie ""Tarbut"" (stare)",second B3 in the east/new city near A11 Entina; unused B4 is Tarbut (new),,interpolated,
272,marker_E2,7.44,-39.72,647.44,492.22,24.7134305,51.2128638,340296.70,5675981.16,marker,E2,false,I2,Narodowa szkoła polska nazwana po Moszczyckim,building,letter_shift,0.82,,"E2 → transcribed I2, Polish national school named after Mościcki",,gcp,0.1
273,marker_F2,19.01,-27.97,659.01,480.47,24.7140582,51.2130798,340341.28,5676003.81,marker,F2,false,F2,Cerkiew prawosławna,building,exact_unique,0.80,,Orthodox church in east-central town; F1 Russian church is already placed in old town next to the Great Synagogue,,gcp,0.8
274,marker_S4,3.61,-16.78,643.61,469.28,24.7133881,51.2140095,340297.70,5676108.64,marker,S4,false,54,ul. Zamoyskiego,street,confusable,0.75,,"S4: S/5 confusion with ul. Zamoyskiego (54), already labeled at the eastern end (node 255)",,interpolated,
275,marker_H1,-53.39,-24.01,586.61,476.51,24.7100423,51.2140718,340064.26,5676122.85,marker,H1,false,H1,"Kino ""Oaza""",building,exact_unique,0.90,,Kino Oaza; annotator was sure on this copy,,gcp,4.1
276,marker_48,-17.84,-13.69,622.16,466.19,24.7122338,51.2147885,340219.78,5676197.77,marker,48,false,48,ul. Poniatowskiego,street,street_repeat,0.85,,,,interpolated,
277,marker_49,-36.74,25.78,603.26,426.72,24.7120359,51.2158654,340209.70,5676317.93,marker,49,false,49,ul. Perza,street,exact_unique,0.95,,,,interpolated,
278,marker_46,-83.10,5.67,556.90,446.83,24.7088536,51.2145184,339982.79,5676175.09,marker,46,false,46,ul. Kulowa,street,exact_unique,0.95,,,,interpolated,
279,Node 279,-246.00,90.75,394.00,361.75,24.7014193,51.2193675,339480.50,5676730.47,intersection,,false,,,,,,,,283,interpolated,
280,Node 280,-267.64,85.60,372.36,366.90,24.7003377,51.2192080,339404.43,5676715.10,intersection,,false,,,,,,,,283,interpolated,
281,Node 281,-264.87,53.09,375.13,399.41,24.6999771,51.2179965,339375.03,5676581.19,intersection,,false,,,,,,,,289,interpolated,
282,Node 282,-240.43,56.51,399.57,395.99,24.7012268,51.2180408,339462.45,5676583.38,intersection,,false,,,,,,,,283,interpolated,
283,marker_D3,-255.01,76.60,384.99,375.90,24.7008199,51.2188424,339436.82,5676673.40,marker,D3,false,D3,"Stadion piłkarski ""Makabi""/""Haszmonia""",building,exact_unique,0.82,,Makabi/Haszmonia stadium: open land on the west near K5 beach / river,,interpolated,
284,marker_D4,-217.56,40.50,422.44,412.00,24.7021244,51.2173668,339522.78,5676506.48,marker,D4,false,D6,Szpital Żydowski,building,spatial_unused,0.62,"D9:Oddział ""Hehaluc"" i siedziba ""Hehaluc-Gatzair""; D2:Siedziba ""Beitar"" i ""Bundu""",second D4 rejected (not on the railway). Unused D6 Jewish hospital in west-central town,,interpolated,
285,marker_26,-139.78,23.70,500.22,428.80,24.7055862,51.2158600,339759.28,5676331.39,marker,26,false,26,ul. Królowej Bony,street,exact_unique,0.95,,,,interpolated,
286,marker_27,-144.53,-0.81,495.47,453.31,24.7055195,51.2150368,339751.77,5676240.00,marker,27,false,27,ul. Warszawska,street,exact_unique,0.95,,,,gcp,0.4
287,marker_21,-220.59,9.21,419.41,443.29,24.7012381,51.2161846,339456.78,5676376.97,marker,21,false,21,ul. Jurydyczna,street,street_repeat,0.85,,,,interpolated,
288,marker_B3,-249.17,3.89,390.83,448.61,24.6996111,51.2162964,339343.55,5676392.96,marker,B3,false,B3,"Gimnazjum Żydowskie ""Tarbut"" (stare)",building,exact_unique,0.72,"B4:Gimnazjum Żydowskie ""Tarbut"" (nowe)",Tarbut (old) on the old-town / river side near K7 Warsaw bridge,,interpolated,
289,marker_K5,-253.94,33.75,386.06,418.75,24.7000795,51.2172275,339379.50,5676495.46,marker,K5,false,K5,Plaża - miejsce na pikniki i pływanie łódką,building,exact_unique,0.95,,,,gcp,0.3
290,marker_7,-337.49,98.52,302.51,353.98,24.6973161,51.2200727,339196.45,5676817.86,marker,7,false,7,ul. Pożarna,street,exact_unique,0.95,,,,interpolated,
291,marker_K2,-294.01,66.42,345.99,386.08,24.6989362,51.2186678,339304.68,5676658.10,marker,K2,false,K2,Pola i pola,building,street_repeat,0.85,,fields at the western edge,,gcp_outlier,
292,marker_L5,-155.14,125.86,484.86,326.64,24.7059796,51.2201476,339801.64,5676807.25,marker,L5,false,L5,Dom Ziskinda. Tymczasowa siedziba miejscowego SS,building,exact_unique,0.95,,,,gcp,0.9
293,marker_Z4(?),-186.66,161.52,453.34,290.98,24.7046505,51.2213648,339713.06,5676945.50,marker,Z4(?),true,J5,"Pole, na którym stały namioty",building,confusable,0.76,L6:Siedziba lokalnego KC,Z4(?): Z/J and 4/5 confusion. Unused J5 tent field sits in the north near J4 soldiers' football field and 23 Pieski,,interpolated,
294,marker_45,-21.03,102.91,618.97,349.59,24.7136069,51.2180912,340327.10,5676562.01,marker,45,false,45,ul. Poprzeczna,street,exact_unique,0.95,,,,interpolated,
295,marker_25,-94.01,64.24,545.99,388.26,24.7094023,51.2171650,340030.29,5676468.18,marker,25,false,25,ul. 50. Kompanii,street,exact_unique,0.95,,,,interpolated,
296,marker_50,-59.07,59.66,580.93,392.84,24.7115130,51.2167643,340176.29,5676419.02,marker,50,false,50,ul. Koszowa,street,exact_unique,0.95,,,,interpolated,
297,marker_44,-32.07,67.25,607.93,385.25,24.7128990,51.2170412,340274.04,5676446.80,marker,44,false,44,ul. Listopadowa,street,exact_unique,0.95,,,,interpolated,
298,marker_B2,-118.84,62.55,521.16,389.95,24.7077342,51.2175341,339915.09,5676512.85,marker,B2,false,B2,Żydowska Szkoła Ludowa im. Doktora Calomel,building,exact_unique,0.85,,"Calomel Jewish school in Piaski, next to A2 Piaski synagogue and L4 ghetto centre",,interpolated,
299,marker_C5,-92.06,38.71,547.94,413.79,24.7092008,51.2157103,340011.18,5676306.87,marker,C5,false,C7,Mykwa (obecnie istnieje),building,spatial_unused,0.74,C6:Kąpiel,"second C5 sits beside A2 Piaski synagogue and L4 (Piaski ghetto centre); mikvah C7 belongs next to a synagogue, not a cemetery in the street grid",,interpolated,
300,marker_A2,-92.39,28.09,547.61,424.41,24.7090379,51.2150701,339997.58,5676236.03,marker,A2,false,A2,"Synagoga w Piskach (""Zamdeszil"")",building,exact_unique,0.95,,,,gcp,2.4
301,marker_L4,-118.63,29.92,521.37,422.58,24.7066446,51.2160425,339833.83,5676349.37,marker,L4,false,L4,Budynek polski Ministerstwa Edukacji. Centrum getta w Piskach.,building,exact_unique,0.95,,,,gcp,4.1
302,marker_E1,-144.58,52.08,495.42,400.42,24.7060968,51.2170940,339799.22,5676467.47,marker,E1,false,I1,Szkoła wyższa (obecnie istnieje),building,letter_shift,0.90,,map E-series is transcribed I-series (Polish schools). E1 next to L4 education ministry; I1 high school still exists,,gcp,3.6
303,marker_E3,-152.46,71.73,487.54,380.77,24.7066194,51.2189383,339842.12,5676671.41,marker,E3,false,I3,Gimnazjum polskie nazwane po Pirogowie,building,letter_shift,0.82,,"E3 → transcribed I3, Polish gymnasium named after Pirogow; same education cluster as E1/L4",,gcp,3.4
304,marker_N8,-92.66,83.19,547.34,369.31,24.7097291,51.2180408,340056.15,5676564.84,marker,N8,false,N5,Dom żydowski z szyldem Gwiazdy Dawida,building,confusable,0.55,"N1:Oddzielone istniejące domy; N7:Dom żydowski, zbudowany w 1934 roku; N6:Dom Żydowski - obecnie urząd stanu cywilnego",N8 not in legend (N stops at N7); in Piaski near A2 synagogue. Unused N5 house with Star of David,,interpolated,
305,marker_M5,-94.28,120.05,545.72,332.45,24.7098436,51.2194134,340068.90,5676717.20,marker,M5,false,M5,Parking dla powozów konnych,building,street_repeat,0.85,,,,interpolated,
306,marker_(illegible),-74.43,124.14,565.57,328.36,24.7110264,51.2193092,340151.13,5676703.05,marker,(illegible),true,L6,Siedziba lokalnego KC,building,spatial_unused,0.58,"B5:Gimnazjum Żydowsko-Polskie ""Klara Ehrlich"" (obecnie istnieje); D2:Siedziba ""Beitar"" i ""Bundu""",illegible; same latitude as L5 Ziskind/SS (y≈366). Unused L6 local KC headquarters,,interpolated,
307,Node 307,-308.58,199.35,331.42,253.15,24.6990943,51.2235662,339332.78,5677202.40,intersection,,false,,,,,,,,238,interpolated,
308,Node 308,-326.15,172.96,313.85,279.54,24.6981397,51.2227300,339263.22,5677111.52,intersection,,false,,,,,,,,290,interpolated,
311,Node 311,-305.40,179.02,334.60,273.48,24.6991632,51.2227874,339334.88,5677115.66,intersection,,false,,,,,,,,238,interpolated,
312,Node 312,-316.78,165.44,323.22,287.06,24.6985664,51.2223742,339291.77,5677071.02,intersection,,false,,,,,,,,290,interpolated,
313,Node 313,-289.89,212.89,350.11,239.61,24.7000683,51.2239124,339401.99,5677238.77,intersection,,false,,,,,,,,238,interpolated,
314,Node 314,-277.60,204.20,362.40,248.30,24.7006189,51.2234925,339438.97,5677190.88,intersection,,false,,,,,,,,238,interpolated,
315,Node 315,-289.93,190.16,350.07,262.34,24.6999520,51.2230768,339390.96,5677146.11,intersection,,false,,,,,,,,238,interpolated,
316,Node 316,-286.58,176.11,353.42,276.39,24.7000432,51.2225402,339395.46,5677086.25,intersection,,false,,,,,,,,238,interpolated,
317,Node 317,-269.36,166.40,370.64,286.10,24.7007978,51.2220768,339446.54,5677033.08,intersection,,false,,,,,,,,238,interpolated,
318,marker_69,-412.29,380.13,227.71,72.37,24.6947034,51.2313621,339053.41,5678078.83,marker,69,false,69,Kierunek na Brześć,direction,street_repeat,0.92,,NW exit of the map; 69 is direction to Brest,,interpolated,
319,marker_68(?),-311.12,377.99,328.88,74.51,24.7000083,51.2302904,339420.01,5677948.07,marker,68(?),true,68,Do masowego grobu na Bachowie,direction,spatial_unused,0.85,,"annotator marked (?); far-north road matches 68 (mass grave at Bachów, north of Kowel)",,interpolated,
320,marker_J6,-273.97,313.79,366.03,138.71,24.7014731,51.2275508,339512.73,5677640.25,marker,J6,false,J6,Wieża ciśnień,building,exact_unique,0.95,,,,gcp,0.0
321,marker_A3,-450.50,51.07,189.50,401.43,24.6903159,51.2195875,338705.97,5676779.26,marker,A3,false,A3,Dziedziniec i synagoga rabina z Turijska (obecnie istnieje),building,exact_unique,0.95,,,,gcp,0.1
322,marker_L2,-444.04,39.46,195.96,413.04,24.6905742,51.2190498,338722.12,5676718.90,marker,L2,false,L2,Radzieckie NKWD (1939),building,exact_unique,0.95,,,,interpolated,
323,marker_A1,-353.50,-12.76,286.50,465.26,24.6949571,51.2170589,339021.22,5676487.92,marker,A1,false,A1,Wielka Synagoga (obecnie istnieje),building,exact_unique,0.95,,,,gcp,1.1
324,marker_A7,-384.55,-21.73,255.45,474.23,24.6927606,51.2164266,338865.63,5676422.44,marker,A7,false,A7,Talmud Tora,building,exact_unique,0.95,,,,gcp,0.7
325,marker_A8,-376.37,-4.01,263.63,456.51,24.6941816,51.2169603,338966.73,5676478.66,marker,A8,false,A8,Synagoga Hasidei Satpan,building,exact_unique,0.95,,,,gcp,0.8
326,marker_A(?),-414.94,22.17,225.06,430.33,24.6922639,51.2180003,338836.44,5676598.50,marker,A(?),true,A4,"Dom modlitwy Turiya (""Trisk-shtibl"")",building,spatial_unused,0.72,A10:Synagoga Brzeska,"A(?) west of old town near A3 (Turijsk rabbi) and ul. Brzeska (4); A4 is the Trisk shtibl, related to Turijsk",,interpolated,
327,marker_29,-126.95,-161.85,513.05,614.35,24.7046552,51.2105164,339675.70,5675739.27,marker,29,false,29,ul. Budzyńska,street,exact_unique,0.95,,,,interpolated,
328,marker_19,-143.18,-192.78,496.82,645.28,24.7031765,51.2097569,339569.79,5675658.04,marker,19,false,19,ul. Komarowska,street,exact_unique,0.95,,,,interpolated,
330,marker_21,-39.27,-124.14,600.73,576.64,24.7102197,51.2106576,340064.81,5675742.85,marker,21,false,21,ul. Jurydyczna,street,street_repeat,0.85,,,,interpolated,
331,marker_C1,-143.96,-106.04,496.04,558.54,24.7046580,51.2124575,339682.65,5675955.09,marker,C1,false,C1,Dom sierot TOZ,building,exact_unique,0.95,,,,gcp,0.3
332,marker_B6,-104.54,-102.25,535.46,554.75,24.7067356,51.2119545,339825.99,5675894.63,marker,B6,false,B6,Przedszkole żydowskie,building,exact_unique,0.95,,,,gcp,0.3
333,marker_32,-61.26,-86.99,578.74,539.49,24.7094440,51.2119398,340015.09,5675887.10,marker,32,false,32,ul. Pomnikowa,street,exact_unique,0.95,,,,interpolated,
334,marker_F2,-95.50,-111.28,544.50,563.78,24.7071230,51.2115685,339851.71,5675850.87,marker,F2,false,F3,Kościół katolicki,building,spatial_unused,0.70,F2:Cerkiew prawosławna,"second F2 in the south civic/Christian cluster (G3 post, F5 priests, F4 cemetery); unused F3 Catholic church",,interpolated,
335,marker_G3,-121.93,-103.97,518.07,556.47,24.7058467,51.2121818,339764.70,5675921.85,marker,G3,false,G3,Poczta,building,exact_unique,0.95,,,,interpolated,
336,marker_B2,-165.24,-106.66,474.76,559.16,24.7032881,51.2126445,339587.63,5675978.87,marker,B2,false,B5,"Gimnazjum Żydowsko-Polskie ""Klara Ehrlich"" (obecnie istnieje)",building,spatial_unused,0.68,"B4:Gimnazjum Żydowskie ""Tarbut"" (nowe); B2:Żydowska Szkoła Ludowa im. Doktora Calomel","second B2 in the south education/welfare cluster (B6 kindergarten, C1 TOZ orphanage). Unused B5 Klara Ehrlich gymnasium (still exists)",,interpolated,
337,marker_B1,-90.60,-68.86,549.40,521.36,24.7079194,51.2127644,339911.47,5675982.10,marker,B1,false,C6,Kąpiel,building,spatial_unused,0.50,"B1:Żydowska Szkoła Ludowa ""Herzlija"". Izba Judenratu (obecnie istnieje)","second B1 in the south welfare cluster (C1 orphanage, B6 kindergarten); unused C6 public bath. Could still be B1",,interpolated,
338,marker_M4,-166.49,-59.83,473.51,512.33,24.7036029,51.2137142,339613.33,5676097.12,marker,M4,false,M4,Stacja elektryczna (stara),building,exact_unique,0.95,,,,gcp_outlier,
339,marker_M5,-166.00,-72.83,474.00,525.33,24.7035617,51.2134388,339609.49,5676066.60,marker,M5,false,M5,Parking dla powozów konnych,building,street_repeat,0.85,,,,interpolated,
340,marker_A5,-191.43,-41.18,448.57,493.68,24.7020400,51.2143641,339506.44,5676172.80,marker,A5,false,A6,Synagoga im. Prozański,building,spatial_unused,0.65,A10:Synagoga Brzeska,second A5; this copy is toward the rynek / new-town side. A6 Prozhansky was in the new city off Warszawska,,interpolated,
341,marker_38,-100.19,-53.13,539.81,505.63,24.7076070,51.2132470,339891.33,5676036.44,marker,38,false,38,ul. Kowalska,street,exact_unique,0.95,,,,interpolated,
342,marker_L1,-94.21,-36.37,545.79,488.87,24.7078692,51.2135763,339910.79,5676072.49,marker,L1,false,L1,Dom Holtscheina,building,exact_unique,0.95,,,,interpolated,
343,marker_24,-59.57,-45.33,580.43,497.83,24.7096163,51.2133404,340031.97,5676042.45,marker,24,false,24,"Obwód ""Kowel-2"" (gdzie mieszkali głównie nie-Żydzi)",district,street_repeat,0.85,,,,interpolated,
344,marker_28,-129.52,-64.82,510.48,517.32,24.7060769,51.2133214,339784.73,5676048.05,marker,28,false,28,ul. Mickiewicza,street,exact_unique,0.95,,,,interpolated,
345,marker_K7,-254.34,-31.68,385.66,484.18,24.6984973,51.2154324,339262.76,5676299.32,marker,K7,false,K7,Most Warszawski (zrujnowany),building,exact_unique,0.95,,,,interpolated,
346,marker_20,-167.95,-37.23,472.05,489.73,24.7035831,51.2142130,339613.68,5676152.62,marker,20,false,20,ul. Kościuszki,street,exact_unique,0.95,,,,interpolated,
347,marker_J1,-152.74,-30.28,487.26,482.78,24.7047376,51.2143144,339694.65,5676161.38,marker,J1,false,J1,Rynek miejski,building,exact_unique,0.93,,"rynek cluster with H2, H4, M6 (cinemas + Friedrichson pharmacy)",,gcp,2.3
348,marker_H2,-135.79,-40.42,504.21,492.92,24.7061170,51.2140258,339789.98,5676126.28,marker,H2,false,H2,"Kino ""Ekspres""",building,exact_unique,0.95,,,,gcp,0.7
349,marker_H4,-135.94,-30.33,504.06,482.83,24.7062286,51.2143163,339798.78,5676158.35,marker,H4,false,H4,"Żydowski klub nocny ""Wersal""",building,exact_unique,0.95,,,,gcp,0.9
350,marker_M6,-136.10,-20.82,503.90,473.32,24.7062576,51.2146259,339801.88,5676192.70,marker,M6,false,M6,Apteka Friedrichsona (obecnie istnieje),building,exact_unique,0.95,,,,gcp,4.7
351,marker_B1,-104.90,-7.38,535.10,459.88,24.7076172,51.2131347,339891.65,5676023.93,marker,B1,false,B1,"Żydowska Szkoła Ludowa ""Herzlija"". Izba Judenratu (obecnie istnieje)",building,exact_unique,0.80,,"Herzlija school / Judenrat; more central, near the rynek",,gcp,7.8
352,marker_I4,-82.64,-13.21,557.36,465.71,24.7082783,51.2145482,339942.73,5676179.66,marker,I4,false,,,,unresolved,0.00,,"Stock exchange — English legend only, not in landmarks_transcribed.csv; marker sits in the town centre",,gcp,6.3
353,marker_D5,144.72,81.80,784.72,370.70,24.7205078,51.2157173,340800.79,5676283.07,marker,D5,false,D5,Dworzec kolejowy do transportu ładunków i warsztat naprawczy,building,exact_unique,0.95,,,,interpolated,
354,marker_C2,-19.22,-98.44,620.78,550.94,24.7118643,51.2112988,340181.90,5675810.56,marker,C2,false,C2,Schronisko dla osób starszych,building,exact_unique,0.95,,,,gcp,0.5
355,marker_F4,101.87,-105.76,741.87,558.26,24.7182173,51.2096202,340619.78,5675610.12,marker,F4,false,F4,Cmentarz chrześcijański (obecnie istnieje),building,exact_unique,0.95,,,,gcp,0.1
356,marker_L3,-37.64,43.07,602.36,409.43,24.7123719,51.2163302,340234.77,5676368.89,marker,L3,false,L3,Budynek polski Ministerstwa Finansów. Radziecka Rada Miejska (1939) (obecnie istnieje),building,exact_unique,0.95,,,,gcp,0.3
357,marker_H1(?),-2.62,39.38,637.38,413.12,24.7137936,51.2160683,340333.14,5676336.67,marker,H1(?),true,H3,"Polski klub nocny ""Zasób"" (dwa budynki)",building,spatial_unused,0.70,"H1:Kino ""Oaza""",H1(?) duplicate of Oasis; unused H3 Polish night club Zasób (two buildings),,interpolated,
358,Node 358,-118.83,47.45,521.17,405.05,24.7071799,51.2167975,339873.82,5676432.15,intersection,,false,,,,,,,,298,interpolated,
359,Node 359,-118.92,54.94,521.08,397.56,24.7074581,51.2171431,339894.45,5676469.97,intersection,,false,,,,,,,,298,interpolated,
360,Node 360,-131.22,54.07,508.78,398.43,24.7067525,51.2171830,339845.32,5676475.95,intersection,,false,,,,,,,,302,interpolated,
361,marker_M5,-79.32,-43.93,560.68,496.43,24.7085165,51.2134616,339955.59,5676058.33,marker,M5,false,M5,Parking dla powozów konnych,building,street_repeat,0.85,,,,interpolated,
362,marker_N3,-34.79,-24.82,605.21,477.32,24.7111012,51.2146301,340140.14,5676182.62,marker,N3,false,N3,Dom Gitlisa,building,exact_unique,0.95,,,,gcp,3.9
363,marker_M3,-38.53,-11.31,601.47,463.81,24.7110602,51.2149692,340138.45,5676220.41,marker,M3,false,N2,Dom nauczyciela,building,confusable,0.60,M3:Stacja elektryczna (nowa); N4:Dom żydowski (obecnie muzeum miejskie); N6:Dom Żydowski - obecnie urząd stanu cywilnego,second M3 in a civic/residential cluster next to N3 Gitlis; M/N confusion. Unused N2 teacher's house,,interpolated,
364,marker_??4,-17.17,-30.14,622.83,482.64,24.7121443,51.2140410,340210.95,5676114.85,marker,??4,true,N4,Dom żydowski (obecnie muzeum miejskie),building,spatial_unused,0.48,"B4:Gimnazjum Żydowskie ""Tarbut"" (nowe); K4:Dziewica; 54:ul. Zamoyskiego","??4 last digit 4, east-central near F2/H1/N3. Unused N4 Jewish house (now city museum) matches the 4",,interpolated,
365,marker_B2,-446.03,85.49,193.97,367.01,24.6910519,51.2207840,338761.54,5676910.67,marker,B2,false,A10,Synagoga Brzeska,building,spatial_unused,0.50,C4:Stary cmentarz; B2:Żydowska Szkoła Ludowa im. Doktora Calomel,"third B2 at the far west edge next to A3 and C5, near ul. Brzeska (4). Unlikely a school; unused A10 Brzeska synagogue",,interpolated,
366,marker_C5,-488.17,89.90,151.83,362.60,24.6884505,51.2214400,338582.19,5676989.33,marker,C5,false,C5,Starożytny cmentarz,building,exact_unique,0.86,,far west edge of town; ancient cemetery belongs at the edge,,interpolated,
367,marker_K2,-29.66,11.92,610.34,440.58,24.7120543,51.2155603,340209.92,5676283.97,marker,K2,false,K1,Ogród miejski,building,spatial_unused,0.70,K6:Park i miejsce do spacerów,"second K2 sits in town, not in fields; unused K1 city garden",,interpolated,
368,marker_53,260.73,-23.60,900.73,476.10,24.7254193,51.2105098,341125.84,5675693.43,marker,53,false,53,Kierunek na Vygonny,direction,street_repeat,0.85,,,,interpolated,
369,marker_D7,269.34,-127.24,909.34,579.74,24.7253343,51.2068197,341107.20,5675283.32,marker,D7,false,D7,Szpital Polski,building,exact_unique,0.95,,,,gcp,0.5
370,marker_D8,252.25,-102.50,892.25,555.00,24.7251648,51.2079019,341099.09,5675404.01,marker,D8,false,D8,Obszar zamieszkania pracowników kolei (polski),building,exact_unique,0.95,,,,gcp_outlier,
371,marker_67,-44.97,5.91,595.03,446.59,24.7110682,51.2153231,340140.24,5676259.75,marker,67,false,67,ul. Żeromskiego,street,exact_unique,0.95,,,,interpolated,
372,marker_16,-274.94,-194.83,365.06,647.33,24.6948768,51.2109358,338994.25,5675807.28,marker,16,false,16,Rzeka Turia,water,exact_unique,0.95,,,,interpolated,
373,marker_17,-202.21,-130.71,437.79,583.21,24.7004515,51.2122931,339388.31,5675945.99,marker,17,false,17,ul. Monopolowa,street,street_repeat,0.85,,,,interpolated,
374,marker_A5,-329.25,-33.58,310.75,486.08,24.6946860,51.2164085,339000.02,5676416.21,marker,A5,false,A5,"Dom Modlitwy Rużyńskich Chasydów (""Ruzhinel Sztibl"")",building,exact_unique,0.88,,"A5 Ruzhin shtibl; this copy is next to ul. Magistracka (34), matching the historical address",,gcp,0.5
375,marker_A18,-373.25,-38.58,266.75,491.08,24.6926520,51.2161077,338856.93,5676387.22,marker,A18,false,A9,"Synagoga ""Hayatim"" (krawcy)",building,confusable,0.78,A10:Synagoga Brzeska,A18 not in legend; sits in the Great Synagogue cluster (A1/A7/A8). A9 tailors' synagogue was adjacent to the Great Synagogue,,interpolated,
376,marker_G4,-586.16,3.47,53.84,449.03,24.6811814,51.2193747,338067.40,5676775.68,marker,G4,false,G4,Nowa remiza strażacka,building,exact_unique,0.95,,,,interpolated,
377,marker_I2,5.75,163.34,645.75,289.16,24.7152241,51.2198229,340446.02,5676751.04,marker,I2,false,,,,unresolved,0.00,,"Tunnel for pedestrians and vehicles — English legend only, not in landmarks_transcribed.csv; marker sits near the station (transcribed I2 already assigned from E2)",,interpolated,
378,marker_?C?,16.12,-100.56,656.12,553.06,24.7134120,51.2109345,340288.72,5675766.68,marker,?C?,true,C4,Stary cmentarz,building,spatial_unused,0.68,C3:Hostel,?C? on the south edge next to F4 Christian cemetery and F5 priests; unused C4 old Jewish cemetery. Alternative: C3 hostel next to C2 old-age home,,interpolated,
379,marker_F5,-58.46,-144.98,581.54,597.48,24.7087602,51.2101417,339961.10,5675688.66,marker,F5,false,F5,Pomieszczenia księży,building,exact_unique,0.95,,,,gcp,0.2
380,marker_J2,-15.30,-147.37,624.70,599.87,24.7109192,51.2097987,340110.69,5675645.82,marker,J2,false,J2,Rynek wozów wiejskich,building,exact_unique,0.95,,,,gcp,0.3
381,marker_J1,-114.93,4.54,525.07,447.96,24.7070937,51.2140060,339858.12,5676121.96,marker,J1,false,J3,Duży obszar (co tydzień rynek),building,spatial_unused,0.72,J1:Rynek miejski,second J1 just NE of the rynek; unused J3 is the large weekly market,,interpolated,
