Id,Source,Target,Label,Type,Weight,snap_status,detour_ratio,wkt
1,1,2,,Undirected,1,snapped,1.000,"LINESTRING (341169.02 5675390.12, 341114.89 5675420.21, 341096.33 5675430.64)"
2,2,3,,Undirected,1,snapped,1.000,"LINESTRING (341096.33 5675430.64, 341091.31 5675434.21, 341054.41 5675456.14, 341042.34 5675463.30, 340991.92 5675494.30, 340982.40 5675499.79, 340943.65 5675522.10)"
3,3,4,,Undirected,1,snapped,1.000,"LINESTRING (340943.65 5675522.10, 340805.73 5675601.56, 340791.60 5675609.70, 340724.04 5675648.63, 340680.74 5675674.52, 340654.17 5675689.40, 340625.95 5675708.41, 340549.52 5675754.33)"
4,4,5,,Undirected,1,snapped,1.000,"LINESTRING (340549.52 5675754.33, 340513.36 5675773.82, 340454.97 5675809.16)"
5,5,6,,Undirected,1,snapped,1.000,"LINESTRING (340454.97 5675809.16, 340412.20 5675834.04, 340381.53 5675851.88, 340316.81 5675889.52, 340282.97 5675909.20)"
6,6,7,,Undirected,1,snapped,1.661,"LINESTRING (340282.97 5675909.20, 340267.35 5675918.40, 340171.22 5675975.00, 340163.43 5675979.58, 340109.20 5676013.26, 340119.18 5676021.30, 340163.58 5676060.60, 340220.63 5676111.08)"
7,7,8,,Undirected,1,snapped,1.224,"LINESTRING (340220.63 5676111.08, 340163.58 5676060.60, 340119.18 5676021.30, 340109.20 5676013.26, 340100.54 5676018.23, 340060.04 5676041.50, 340034.25 5676056.33, 340027.35 5676060.29, 339998.85 5676076.66, 339935.90 5676113.72)"
8,8,9,,Undirected,1,snapped,1.000,"LINESTRING (339935.90 5676113.72, 339931.25 5676116.46, 339860.97 5676159.42, 339831.73 5676176.35)"
9,9,10,,Undirected,1,snapped,1.005,"LINESTRING (339831.73 5676176.35, 339792.01 5676199.40, 339774.99 5676208.26, 339757.64 5676216.28, 339736.04 5676224.33, 339683.15 5676240.35)"
10,10,11,,Undirected,1,snapped,1.000,"LINESTRING (339683.15 5676240.35, 339666.69 5676244.14, 339666.61 5676244.15, 339617.73 5676254.71, 339547.37 5676271.94)"
11,11,12,,Undirected,1,snapped,1.000,"LINESTRING (339547.37 5676271.94, 339507.09 5676278.31)"
12,12,13,,Undirected,1,snapped,1.200,"LINESTRING (339507.09 5676278.31, 339450.37 5676291.38, 339417.65 5676299.22, 339420.79 5676324.73)"
13,13,14,,Undirected,1,snapped,1.202,"LINESTRING (339420.79 5676324.73, 339417.65 5676299.22, 339404.98 5676302.72, 339375.49 5676312.10, 339290.55 5676341.87, 339279.50 5676346.16, 339266.09 5676356.52, 339255.86 5676369.98)"
14,14,15,,Undirected,1,snapped,1.000,"LINESTRING (339255.86 5676369.98, 339202.22 5676444.06, 339142.02 5676527.03)"
15,15,16,,Undirected,1,snapped,1.000,"LINESTRING (339255.86 5676369.98, 339202.22 5676444.06, 339142.02 5676527.03)"
16,16,17,,Undirected,1,snapped,1.000,"LINESTRING (339142.02 5676527.03, 339124.93 5676550.78)"
17,17,18,,Undirected,1,snapped,1.016,"LINESTRING (339124.93 5676550.78, 339096.72 5676588.85, 339094.41 5676592.84, 339082.17 5676602.94, 339071.30 5676610.33, 339061.41 5676616.69, 339038.60 5676630.68)"
18,18,19,,Undirected,1,snapped,1.000,"LINESTRING (339038.60 5676630.68, 339025.37 5676612.30)"
19,19,20,,Undirected,1,snapped,1.943,"LINESTRING (339025.37 5676612.30, 339038.60 5676630.68, 339023.33 5676639.54, 338968.50 5676670.14, 338950.34 5676681.67, 338932.57 5676691.34, 338931.19 5676686.72, 338909.45 5676614.28)"
20,20,21,,Undirected,1,snapped,1.357,"LINESTRING (338909.45 5676614.28, 338931.19 5676686.72, 338932.57 5676691.34, 338927.14 5676694.30, 338917.37 5676698.27, 338872.17 5676716.61, 338862.43 5676719.38, 338816.79 5676732.27)"
21,21,22,,Undirected,1,snapped,1.000,"LINESTRING (338816.79 5676732.27, 338765.94 5676747.43, 338746.29 5676753.05, 338677.21 5676776.59, 338649.18 5676785.24)"
22,22,23,,Undirected,1,snapped,1.137,"LINESTRING (338649.18 5676785.24, 338585.23 5676807.14, 338569.87 5676775.85, 338557.95 5676776.04, 338543.80 5676778.93, 338495.79 5676796.13, 338457.32 5676804.60)"
23,23,24,,Undirected,1,snapped,1.000,"LINESTRING (338457.32 5676804.60, 338472.53 5676849.22, 338475.44 5676859.37)"
24,24,25,,Undirected,1,snapped,1.180,"LINESTRING (338475.44 5676859.37, 338420.42 5676885.28, 338387.03 5676902.74, 338381.10 5676905.58, 338321.66 5676934.01, 338160.21 5677007.20, 338137.74 5677017.67, 338120.52 5676958.30)"
25,26,27,,Undirected,1,snapped,1.000,"LINESTRING (340509.10 5675343.15, 340437.47 5675421.34, 340403.26 5675460.01, 340361.19 5675505.87, 340306.71 5675566.97, 340298.37 5675576.32, 340295.85 5675579.21)"
26,27,5,,Undirected,1,snapped,1.010,"LINESTRING (340454.97 5675809.16, 340450.43 5675801.21, 340447.64 5675796.32, 340353.34 5675631.14, 340295.85 5675579.21)"
27,4,28,,Undirected,1,snapped,1.272,"LINESTRING (340549.52 5675754.33, 340513.63 5675679.59, 340542.63 5675663.20)"
28,28,29,,Undirected,1,snapped,1.000,"LINESTRING (340542.63 5675663.20, 340513.63 5675679.59)"
29,28,30,,Undirected,1,snapped,1.363,"LINESTRING (340542.63 5675663.20, 340563.81 5675701.16, 340607.85 5675676.62, 340625.95 5675708.41, 340654.17 5675689.40, 340680.74 5675674.52, 340699.67 5675708.02, 340790.19 5675656.60)"
30,27,31,,Undirected,1,snapped,1.003,"LINESTRING (340295.85 5675579.21, 340253.66 5675627.54, 340209.38 5675677.25, 340201.18 5675685.34, 340183.39 5675700.21, 340158.46 5675719.70)"
31,31,6,,Undirected,1,snapped,1.079,"LINESTRING (340282.97 5675909.20, 340267.35 5675918.40, 340261.98 5675908.79, 340247.45 5675882.84, 340240.15 5675869.79, 340234.60 5675859.87, 340158.46 5675719.70)"
32,31,32,,Undirected,1,snapped,1.236,"LINESTRING (340158.46 5675719.70, 340096.04 5675760.02, 340042.81 5675797.19, 340028.90 5675806.67, 340014.18 5675817.02, 340010.38 5675819.80, 339994.13 5675831.62, 339989.49 5675835.24, 339986.82 5675831.66, 339984.57 5675828.67, 339934.02 5675761.31, 339860.25 5675808.35)"
33,32,33,,Undirected,1,snapped,1.236,"LINESTRING (340158.46 5675719.70, 340096.04 5675760.02, 340042.81 5675797.19, 340028.90 5675806.67, 340014.18 5675817.02, 340010.38 5675819.80, 339994.13 5675831.62, 339989.49 5675835.24, 339986.82 5675831.66, 339984.57 5675828.67, 339934.02 5675761.31, 339860.25 5675808.35)"
34,33,34,,Undirected,1,snapped,1.326,"LINESTRING (339860.25 5675808.35, 339934.02 5675761.31, 339919.22 5675737.32, 339912.65 5675725.32, 339905.44 5675708.21, 339901.62 5675688.98)"
35,34,35,,Undirected,1,snapped,1.463,"LINESTRING (339901.62 5675688.98, 339905.44 5675708.21, 339912.65 5675725.32, 339919.22 5675737.32, 339934.02 5675761.31, 340059.13 5675676.46)"
36,34,36,,Undirected,1,unmatched,2.296,"LINESTRING (339901.62 5675688.98, 339742.00 5675718.00)"
37,36,37,,Undirected,1,snapped,1.000,"LINESTRING (339742.00 5675718.00, 339725.82 5675640.85)"
38,37,38,,Undirected,1,snapped,1.000,"LINESTRING (339725.82 5675640.85, 339705.17 5675553.56, 339686.41 5675463.95)"
39,37,39,,Undirected,1,snapped,1.000,"LINESTRING (339725.82 5675640.85, 339782.42 5675626.15, 339814.66 5675616.80, 339908.41 5675586.19)"
40,33,40,,Undirected,1,unmatched,4.679,"LINESTRING (339860.25 5675808.35, 339772.64 5675869.20)"
41,40,36,,Undirected,1,snapped,1.000,"LINESTRING (339742.00 5675718.00, 339747.49 5675744.22, 339768.80 5675848.64, 339772.64 5675869.20)"
42,37,41,,Undirected,1,snapped,1.855,"LINESTRING (339725.82 5675640.85, 339705.17 5675553.56, 339658.23 5675570.65, 339618.96 5675586.69, 339604.77 5675592.86, 339582.86 5675601.35, 339509.20 5675633.50, 339577.74 5675743.51, 339490.23 5675771.45, 339463.44 5675776.38, 339460.50 5675776.91)"
43,41,42,,Undirected,1,snapped,1.926,"LINESTRING (339460.50 5675776.91, 339462.29 5675762.39, 339463.11 5675747.92, 339459.90 5675691.35, 339457.77 5675652.54, 339453.45 5675586.14, 339409.80 5675588.98, 339372.55 5675594.00, 339354.90 5675597.38, 339303.12 5675607.29, 339304.30 5675621.28, 339307.04 5675648.87)"
44,31,43,,Undirected,1,snapped,1.000,"LINESTRING (340158.46 5675719.70, 340096.04 5675760.02)"
45,43,44,,Undirected,1,snapped,1.000,"LINESTRING (340096.04 5675760.02, 340042.81 5675797.19, 340028.90 5675806.67, 340014.18 5675817.02, 340010.38 5675819.80, 339994.13 5675831.62, 339989.49 5675835.24, 339949.29 5675864.26, 339923.66 5675881.59)"
46,44,45,,Undirected,1,snapped,1.000,"LINESTRING (339923.66 5675881.59, 339899.54 5675895.04)"
47,45,46,,Undirected,1,snapped,1.002,"LINESTRING (339899.54 5675895.04, 339865.41 5675913.86, 339809.40 5675943.89, 339801.42 5675947.56, 339794.20 5675949.76, 339786.64 5675952.21)"
48,46,40,,Undirected,1,snapped,1.000,"LINESTRING (339772.64 5675869.20, 339785.01 5675943.14, 339785.56 5675946.22, 339786.64 5675952.21)"
49,33,44,,Undirected,1,unmatched,2.688,"LINESTRING (339860.25 5675808.35, 339923.66 5675881.59)"
51,46,47,,Undirected,1,snapped,1.193,"LINESTRING (339786.64 5675952.21, 339776.56 5675953.60, 339669.82 5675969.29, 339661.42 5675970.80, 339639.19 5675974.67, 339640.21 5675982.35, 339644.04 5676007.67)"
52,47,48,,Undirected,1,snapped,1.343,"LINESTRING (339644.04 5676007.67, 339640.21 5675982.35, 339639.19 5675974.67, 339596.43 5675981.57, 339575.77 5675985.33, 339543.04 5675990.56, 339542.12 5675982.67, 339536.82 5675937.46, 339526.41 5675930.00, 339518.05 5675927.02, 339501.97 5675928.50, 339475.68 5675931.71, 339471.65 5675931.38, 339467.66 5675931.06, 339460.15 5675909.58, 339454.92 5675891.89)"
53,48,49,,Undirected,1,snapped,1.343,"LINESTRING (339644.04 5676007.67, 339640.21 5675982.35, 339639.19 5675974.67, 339596.43 5675981.57, 339575.77 5675985.33, 339543.04 5675990.56, 339542.12 5675982.67, 339536.82 5675937.46, 339526.41 5675930.00, 339518.05 5675927.02, 339501.97 5675928.50, 339475.68 5675931.71, 339471.65 5675931.38, 339467.66 5675931.06, 339460.15 5675909.58, 339454.92 5675891.89)"
54,49,50,,Undirected,1,snapped,1.343,"LINESTRING (339644.04 5676007.67, 339640.21 5675982.35, 339639.19 5675974.67, 339596.43 5675981.57, 339575.77 5675985.33, 339543.04 5675990.56, 339542.12 5675982.67, 339536.82 5675937.46, 339526.41 5675930.00, 339518.05 5675927.02, 339501.97 5675928.50, 339475.68 5675931.71, 339471.65 5675931.38, 339467.66 5675931.06, 339460.15 5675909.58, 339454.92 5675891.89)"
55,50,41,,Undirected,1,snapped,1.014,"LINESTRING (339460.50 5675776.91, 339451.21 5675823.67, 339449.01 5675841.54, 339448.32 5675858.81, 339451.46 5675878.77, 339454.92 5675891.89)"
56,50,51,,Undirected,1,snapped,1.512,"LINESTRING (339454.92 5675891.89, 339460.15 5675909.58, 339467.66 5675931.06, 339474.81 5675946.76, 339481.81 5675958.83, 339501.30 5675986.97, 339511.88 5676006.61, 339500.55 5676002.81, 339488.61 5676004.42, 339466.73 5676006.97)"
57,51,52,,Undirected,1,snapped,1.219,"LINESTRING (339644.04 5676007.67, 339640.21 5675982.35, 339639.19 5675974.67, 339596.43 5675981.57, 339575.77 5675985.33, 339543.04 5675990.56, 339523.80 5675993.63, 339519.88 5675994.22, 339516.37 5675996.09, 339513.69 5675999.00, 339512.13 5676002.65, 339511.88 5676006.61, 339500.55 5676002.81, 339488.61 5676004.42, 339466.73 5676006.97)"
58,52,47,,Undirected,1,snapped,1.219,"LINESTRING (339644.04 5676007.67, 339640.21 5675982.35, 339639.19 5675974.67, 339596.43 5675981.57, 339575.77 5675985.33, 339543.04 5675990.56, 339523.80 5675993.63, 339519.88 5675994.22, 339516.37 5675996.09, 339513.69 5675999.00, 339512.13 5676002.65, 339511.88 5676006.61, 339500.55 5676002.81, 339488.61 5676004.42, 339466.73 5676006.97)"
59,13,51,,Undirected,1,snapped,1.183,"LINESTRING (339420.79 5676324.73, 339417.65 5676299.22, 339422.30 5676283.77, 339436.35 5676234.03, 339457.82 5676170.47, 339473.31 5676124.64, 339498.56 5676056.81, 339499.85 5676053.47, 339512.85 5676010.15, 339511.88 5676006.61, 339500.55 5676002.81, 339488.61 5676004.42, 339466.73 5676006.97)"
60,10,47,,Undirected,1,snapped,1.000,"LINESTRING (339683.15 5676240.35, 339681.73 5676231.58, 339671.23 5676173.92, 339670.83 5676171.21, 339658.61 5676088.50, 339646.67 5676022.28, 339646.03 5676018.69, 339645.21 5676014.13, 339644.04 5676007.67)"
61,11,53,,Undirected,1,unmatched,2.739,"LINESTRING (339547.37 5676271.94, 339506.72 5676163.62)"
62,9,46,,Undirected,1,snapped,1.000,"LINESTRING (339831.73 5676176.35, 339828.78 5676161.45, 339803.28 5676037.61, 339792.72 5675984.11, 339788.79 5675962.67, 339786.64 5675952.21)"
63,54,55,,Undirected,1,snapped,1.885,"LINESTRING (339836.06 5676039.76, 339834.47 5676031.21, 339821.88 5675968.93, 339849.11 5675953.13, 339911.47 5675916.97, 339935.34 5675958.44, 339942.97 5675971.68)"
64,55,8,,Undirected,1,snapped,1.703,"LINESTRING (339935.90 5676113.72, 339931.25 5676116.46, 339923.46 5676106.08, 339910.45 5676081.70, 339897.03 5676055.78, 339910.04 5676047.35, 339917.07 5676042.80, 339920.75 5676040.63, 339923.24 5676040.85, 339925.90 5676041.89, 339933.18 5676054.46, 339936.05 5676056.24, 339940.03 5676056.03, 339973.80 5676034.30, 339975.53 5676029.58, 339951.96 5675987.66, 339945.09 5675975.44, 339942.97 5675971.68)"
65,55,45,,Undirected,1,snapped,1.000,"LINESTRING (339899.54 5675895.04, 339911.47 5675916.97, 339935.34 5675958.44, 339942.97 5675971.68)"
66,55,56,,Undirected,1,unmatched,2.888,"LINESTRING (339942.97 5675971.68, 340106.52 5675926.97)"
67,56,43,,Undirected,1,snapped,1.984,"LINESTRING (340096.04 5675760.02, 340042.81 5675797.19, 340058.96 5675825.93, 340086.12 5675874.22, 340136.55 5675848.21, 340165.11 5675895.78, 340106.52 5675926.97)"
68,56,7,,Undirected,1,snapped,1.828,"LINESTRING (340220.63 5676111.08, 340163.58 5676060.60, 340119.18 5676021.30, 340109.20 5676013.26, 340163.43 5675979.58, 340171.22 5675975.00, 340165.53 5675965.31, 340149.21 5675937.48, 340180.45 5675921.33, 340165.11 5675895.78, 340106.52 5675926.97)"
69,56,57,,Undirected,1,snapped,1.872,"LINESTRING (340106.52 5675926.97, 340165.11 5675895.78, 340180.45 5675921.33, 340149.21 5675937.48, 340165.53 5675965.31, 340171.22 5675975.00, 340267.35 5675918.40, 340261.98 5675908.79, 340247.45 5675882.84, 340299.57 5675852.30)"
70,5,58,,Undirected,1,snapped,1.003,"LINESTRING (340454.97 5675809.16, 340464.02 5675825.22, 340478.32 5675839.60, 340512.03 5675867.76, 340529.90 5675882.81, 340532.73 5675885.10, 340560.73 5675910.65, 340601.27 5675948.44, 340690.65 5676028.87)"
71,58,59,,Undirected,1,unmatched,,"LINESTRING (340690.65 5676028.87, 340797.29 5676166.19)"
72,59,60,,Undirected,1,unmatched,,"LINESTRING (340840.91 5676101.74, 340797.29 5676166.19)"
73,60,61,,Undirected,1,unmatched,,"LINESTRING (340799.59 5676002.65, 340840.91 5676101.74)"
74,61,58,,Undirected,1,unmatched,,"LINESTRING (340690.65 5676028.87, 340799.59 5676002.65)"
75,62,59,,Undirected,1,unmatched,,"LINESTRING (340797.29 5676166.19, 340682.86 5676260.90)"
76,62,63,,Undirected,1,snapped,1.006,"LINESTRING (340682.86 5676260.90, 340675.38 5676255.43, 340673.58 5676250.60, 340669.78 5676245.47, 340665.63 5676241.48, 340577.75 5676165.21)"
77,63,64,,Undirected,1,snapped,1.000,"LINESTRING (340577.75 5676165.21, 340516.46 5676110.62)"
78,64,65,,Undirected,1,snapped,1.001,"LINESTRING (340516.46 5676110.62, 340477.48 5676080.74, 340394.67 5676004.68)"
79,65,6,,Undirected,1,snapped,1.000,"LINESTRING (340282.97 5675909.20, 340392.38 5676002.24, 340394.67 5676004.68)"
80,63,58,,Undirected,1,snapped,1.000,"LINESTRING (340690.65 5676028.87, 340577.75 5676165.21)"
81,62,66,,Undirected,1,snapped,1.034,"LINESTRING (340682.86 5676260.90, 340675.38 5676255.43, 340675.94 5676263.78, 340672.29 5676273.20, 340660.79 5676288.42, 340558.79 5676399.57, 340473.55 5676503.46, 340461.21 5676518.50)"
82,66,67,,Undirected,1,snapped,1.420,"LINESTRING (340461.21 5676518.50, 340348.95 5676654.09, 340360.28 5676655.13, 340370.12 5676657.51, 340378.32 5676662.09, 340380.35 5676663.23, 340386.06 5676667.40, 340388.30 5676669.03, 340392.73 5676672.72, 340415.32 5676691.58)"
83,67,68,,Undirected,1,snapped,1.796,"LINESTRING (340415.32 5676691.58, 340392.73 5676672.72, 340388.30 5676669.03, 340386.06 5676667.40, 340380.35 5676663.23, 340378.32 5676662.09, 340370.12 5676657.51, 340360.28 5676655.13, 340348.95 5676654.09, 340341.68 5676662.18, 340305.06 5676704.66, 340290.46 5676722.10, 340286.11 5676727.01, 340232.96 5676787.06, 340209.49 5676813.89, 340207.47 5676816.21, 340205.24 5676818.76, 340196.62 5676827.31, 340196.71 5676821.52, 340194.82 5676816.97, 340191.35 5676812.79, 340161.27 5676788.56, 340131.54 5676764.61, 340129.01 5676762.56, 340130.76 5676773.72, 340131.94 5676778.36, 340133.56 5676780.60, 340134.61 5676782.67, 340141.68 5676790.21, 340158.30 5676806.05, 340170.86 5676815.10, 340180.94 5676822.92, 340182.39 5676827.27, 340178.83 5676833.27, 340174.79 5676837.91)"
84,68,69,,Undirected,1,snapped,1.149,"LINESTRING (340174.79 5676837.91, 340133.70 5676800.80, 340132.59 5676796.10, 340131.31 5676788.47, 340126.61 5676781.71, 340123.34 5676779.09, 340117.84 5676775.79, 340118.40 5676781.03)"
85,69,70,,Undirected,1,snapped,1.017,"LINESTRING (340118.40 5676781.03, 340117.84 5676775.79, 340115.60 5676757.28, 340110.32 5676710.21, 340107.49 5676693.97, 340112.83 5676693.13, 340112.42 5676688.95, 340105.21 5676617.13, 340104.09 5676604.40, 340097.53 5676535.81, 340091.22 5676485.91)"
86,70,71,,Undirected,1,snapped,1.076,"LINESTRING (340091.22 5676485.91, 340078.66 5676374.76, 340087.48 5676374.04, 340086.74 5676370.13)"
87,71,72,,Undirected,1,unmatched,,"LINESTRING (340086.74 5676370.13, 340017.55 5676274.44)"
88,72,73,,Undirected,1,snapped,1.305,"LINESTRING (340017.55 5676274.44, 339985.00 5676279.35, 339980.91 5676251.82, 339973.12 5676199.55)"
89,73,8,,Undirected,1,unmatched,4.107,"LINESTRING (339935.90 5676113.72, 339973.12 5676199.55)"
90,73,74,,Undirected,1,unmatched,2.664,"LINESTRING (339973.12 5676199.55, 340268.72 5676153.64)"
91,74,75,,Undirected,1,snapped,1.000,"LINESTRING (340268.72 5676153.64, 340263.94 5676149.42)"
92,75,76,,Undirected,1,snapped,1.260,"LINESTRING (340263.94 5676149.42, 340220.63 5676111.08, 340228.05 5676103.09, 340232.57 5676097.99, 340240.97 5676087.35, 340211.71 5676063.14)"
93,75,65,,Undirected,1,snapped,1.216,"LINESTRING (340394.67 5676004.68, 340354.20 5676052.23, 340333.79 5676076.47, 340348.96 5676088.86, 340325.90 5676116.98, 340297.05 5676147.56, 340292.75 5676147.88, 340280.87 5676138.63, 340268.72 5676153.64, 340263.94 5676149.42)"
94,75,77,,Undirected,1,snapped,1.395,"LINESTRING (340516.46 5676110.62, 340477.48 5676080.74, 340351.71 5676224.97, 340347.26 5676221.16, 340274.75 5676158.97, 340268.72 5676153.64, 340263.94 5676149.42)"
95,77,64,,Undirected,1,snapped,1.395,"LINESTRING (340516.46 5676110.62, 340477.48 5676080.74, 340351.71 5676224.97, 340347.26 5676221.16, 340274.75 5676158.97, 340268.72 5676153.64, 340263.94 5676149.42)"
96,71,78,,Undirected,1,snapped,1.000,"LINESTRING (340086.74 5676370.13, 340087.48 5676374.04)"
97,78,79,,Undirected,1,unmatched,,"LINESTRING (340087.48 5676374.04, 340097.63 5676348.45)"
98,72,80,,Undirected,1,unmatched,,"LINESTRING (340017.55 5676274.44, 340126.68 5676372.14)"
99,80,81,,Undirected,1,unmatched,,"LINESTRING (340126.68 5676372.14, 340351.71 5676224.97)"
100,81,74,,Undirected,1,snapped,1.000,"LINESTRING (340268.72 5676153.64, 340274.75 5676158.97, 340347.26 5676221.16, 340351.71 5676224.97)"
101,74,81,,Undirected,1,snapped,1.000,"LINESTRING (340268.72 5676153.64, 340274.75 5676158.97, 340347.26 5676221.16, 340351.71 5676224.97)"
102,81,82,,Undirected,1,unmatched,,"LINESTRING (340351.71 5676224.97, 340317.86 5676425.79)"
103,82,78,,Undirected,1,snapped,1.037,"LINESTRING (340087.48 5676374.04, 340176.18 5676369.74, 340200.56 5676369.17, 340215.12 5676370.20, 340222.38 5676372.19, 340231.42 5676375.87, 340260.55 5676392.73, 340317.86 5676425.79)"
104,70,83,,Undirected,1,snapped,1.084,"LINESTRING (340091.22 5676485.91, 340147.42 5676486.77, 340181.98 5676487.29, 340333.71 5676494.37, 340339.65 5676491.66, 340361.33 5676450.87)"
105,83,84,,Undirected,1,snapped,1.084,"LINESTRING (340091.22 5676485.91, 340147.42 5676486.77, 340181.98 5676487.29, 340333.71 5676494.37, 340339.65 5676491.66, 340361.33 5676450.87)"
106,84,82,,Undirected,1,snapped,1.000,"LINESTRING (340317.86 5676425.79, 340361.33 5676450.87)"
108,66,84,,Undirected,1,snapped,1.000,"LINESTRING (340461.21 5676518.50, 340457.54 5676516.02, 340455.16 5676514.41, 340411.61 5676484.93, 340361.33 5676450.87)"
109,84,85,,Undirected,1,unmatched,,"LINESTRING (340361.33 5676450.87, 340471.26 5676272.86)"
110,69,86,,Undirected,1,snapped,1.265,"LINESTRING (340118.40 5676781.03, 340112.70 5676777.58, 340105.44 5676773.20, 340102.64 5676767.86, 340100.49 5676746.81, 340098.32 5676719.38, 340095.42 5676716.30, 340091.45 5676715.49, 340058.83 5676721.36, 340054.88 5676720.93, 340052.53 5676718.01, 340050.94 5676713.99, 340049.56 5676708.36, 339996.44 5676721.63, 339940.68 5676736.42, 339896.10 5676746.98, 339880.67 5676750.64)"
111,86,87,,Undirected,1,snapped,1.151,"LINESTRING (339880.67 5676750.64, 339879.76 5676745.57, 339877.90 5676735.08, 339863.47 5676654.08, 339899.63 5676647.24, 339889.96 5676587.78, 339880.97 5676532.42)"
112,87,88,,Undirected,1,snapped,1.245,"LINESTRING (339880.97 5676532.42, 339850.05 5676537.34, 339842.76 5676539.35, 339829.63 5676463.48, 339820.27 5676409.68)"
113,88,89,,Undirected,1,snapped,1.000,"LINESTRING (339820.27 5676409.68, 339827.18 5676408.13, 339913.92 5676396.46)"
114,89,90,,Undirected,1,snapped,1.000,"LINESTRING (339820.27 5676409.68, 339827.18 5676408.13, 339913.92 5676396.46)"
115,90,91,,Undirected,1,snapped,1.000,"LINESTRING (339913.92 5676396.46, 339955.86 5676390.83)"
116,91,71,,Undirected,1,snapped,1.032,"LINESTRING (340086.74 5676370.13, 340087.48 5676374.04, 340078.66 5676374.76, 340069.15 5676375.87, 340052.25 5676378.25, 340020.50 5676382.71, 339986.39 5676387.42, 339955.86 5676390.83)"
117,91,92,,Undirected,1,snapped,1.146,"LINESTRING (340118.40 5676781.03, 340117.84 5676775.79, 340115.60 5676757.28, 340110.32 5676710.21, 340107.49 5676693.97, 340112.83 5676693.13, 340112.42 5676688.95, 340105.21 5676617.13, 340098.72 5676616.84, 340071.31 5676619.64, 340069.17 5676599.20, 340064.60 5676595.11, 340062.81 5676570.17, 340052.75 5676562.01, 340045.67 5676555.08, 340034.38 5676548.00, 340013.53 5676530.81, 339972.71 5676497.17, 339972.20 5676488.85, 339976.65 5676479.59, 339970.31 5676475.84, 339965.27 5676469.10, 339956.17 5676393.42, 339955.86 5676390.83)"
118,92,69,,Undirected,1,snapped,1.146,"LINESTRING (340118.40 5676781.03, 340117.84 5676775.79, 340115.60 5676757.28, 340110.32 5676710.21, 340107.49 5676693.97, 340112.83 5676693.13, 340112.42 5676688.95, 340105.21 5676617.13, 340098.72 5676616.84, 340071.31 5676619.64, 340069.17 5676599.20, 340064.60 5676595.11, 340062.81 5676570.17, 340052.75 5676562.01, 340045.67 5676555.08, 340034.38 5676548.00, 340013.53 5676530.81, 339972.71 5676497.17, 339972.20 5676488.85, 339976.65 5676479.59, 339970.31 5676475.84, 339965.27 5676469.10, 339956.17 5676393.42, 339955.86 5676390.83)"
119,87,93,,Undirected,1,snapped,1.388,"LINESTRING (339880.97 5676532.42, 339850.05 5676537.34, 339842.76 5676539.35, 339851.98 5676593.13, 339853.39 5676605.11, 339848.72 5676605.79, 339846.25 5676606.16, 339799.00 5676614.11)"
120,93,94,,Undirected,1,snapped,1.000,"LINESTRING (339799.00 5676614.11, 339692.18 5676632.09)"
121,93,95,,Undirected,1,snapped,1.946,"LINESTRING (339799.00 5676614.11, 339846.25 5676606.16, 339848.72 5676605.79, 339853.39 5676605.11, 339851.98 5676593.13, 339842.76 5676539.35, 339829.63 5676463.48, 339822.53 5676464.34, 339821.52 5676464.46, 339796.93 5676469.81, 339752.82 5676479.32)"
122,86,96,,Undirected,1,snapped,1.002,"LINESTRING (339880.67 5676750.64, 339874.09 5676751.79, 339847.73 5676756.23, 339788.91 5676766.96, 339683.00 5676784.60, 339668.83 5676785.71, 339621.46 5676787.32, 339618.84 5676787.42)"
123,96,12,,Undirected,1,snapped,1.043,"LINESTRING (339507.09 5676278.31, 339513.29 5676311.43, 339515.50 5676323.27, 339521.56 5676355.64, 339528.10 5676394.19, 339529.06 5676399.89, 339530.31 5676407.23, 339549.39 5676514.03, 339550.17 5676518.39, 339587.32 5676706.17, 339590.20 5676750.11, 339592.27 5676781.89, 339592.70 5676788.31, 339618.84 5676787.42)"
124,12,96,,Undirected,1,snapped,1.043,"LINESTRING (339507.09 5676278.31, 339513.29 5676311.43, 339515.50 5676323.27, 339521.56 5676355.64, 339528.10 5676394.19, 339529.06 5676399.89, 339530.31 5676407.23, 339549.39 5676514.03, 339550.17 5676518.39, 339587.32 5676706.17, 339590.20 5676750.11, 339592.27 5676781.89, 339592.70 5676788.31, 339618.84 5676787.42)"
125,96,97,,Undirected,1,snapped,1.000,"LINESTRING (339618.84 5676787.42, 339592.70 5676788.31, 339579.52 5676788.77, 339542.71 5676790.03, 339446.63 5676793.33)"
126,97,14,,Undirected,1,unmatched,,"LINESTRING (339255.86 5676369.98, 339446.63 5676793.33)"
127,97,98,,Undirected,1,snapped,1.000,"LINESTRING (339446.63 5676793.33, 339427.77 5676794.02, 339350.06 5676795.98, 339167.46 5676802.36, 339149.64 5676801.08)"
128,98,18,,Undirected,1,snapped,1.043,"LINESTRING (339038.60 5676630.68, 339050.26 5676651.04, 339063.60 5676681.26, 339092.78 5676757.37, 339098.47 5676766.05, 339106.59 5676776.85, 339117.07 5676786.19, 339131.38 5676795.17, 339147.37 5676800.92, 339149.64 5676801.08)"
129,98,99,,Undirected,1,snapped,1.799,"LINESTRING (339149.64 5676801.08, 339147.37 5676800.92, 339131.38 5676795.17, 339117.07 5676786.19, 339106.59 5676776.85, 339098.47 5676766.05, 339092.78 5676757.37, 339089.11 5676762.44, 339084.68 5676773.71, 339083.59 5676777.05, 339079.36 5676789.94, 339078.96 5676791.18, 339078.77 5676792.69, 339069.74 5676863.85, 339069.19 5676868.13)"
130,99,100,,Undirected,1,snapped,1.000,"LINESTRING (339069.19 5676868.13, 338989.97 5676855.96)"
131,100,101,,Undirected,1,unmatched,2.797,"LINESTRING (338989.97 5676855.96, 338871.47 5676874.17)"
132,101,102,,Undirected,1,snapped,1.553,"LINESTRING (338871.47 5676874.17, 338894.88 5676783.21, 338905.46 5676737.82, 338911.35 5676716.51, 338917.37 5676698.27, 338872.17 5676716.61, 338862.43 5676719.38)"
133,102,20,,Undirected,1,snapped,1.356,"LINESTRING (338909.45 5676614.28, 338931.19 5676686.72, 338932.57 5676691.34, 338927.14 5676694.30, 338917.37 5676698.27, 338872.17 5676716.61, 338862.43 5676719.38)"
134,102,103,,Undirected,1,snapped,1.439,"LINESTRING (338862.43 5676719.38, 338872.17 5676716.61, 338917.37 5676698.27, 338927.14 5676694.30, 338932.57 5676691.34, 338950.34 5676681.67, 338968.50 5676670.14, 339023.33 5676639.54, 339038.60 5676630.68, 339050.26 5676651.04, 339063.60 5676681.26, 339092.78 5676757.37)"
135,103,104,,Undirected,1,snapped,1.249,"LINESTRING (339092.78 5676757.37, 339063.60 5676681.26, 339050.26 5676651.04, 339038.60 5676630.68, 339061.41 5676616.69, 339071.30 5676610.33, 339082.17 5676602.94, 339094.41 5676592.84)"
136,103,100,,Undirected,1,snapped,1.365,"LINESTRING (338989.97 5676855.96, 339069.19 5676868.13, 339069.74 5676863.85, 339078.77 5676792.69, 339078.96 5676791.18, 339079.36 5676789.94, 339083.59 5676777.05, 339084.68 5676773.71, 339089.11 5676762.44, 339092.78 5676757.37)"
137,103,98,,Undirected,1,snapped,1.033,"LINESTRING (339149.64 5676801.08, 339147.37 5676800.92, 339131.38 5676795.17, 339117.07 5676786.19, 339106.59 5676776.85, 339098.47 5676766.05, 339092.78 5676757.37)"
138,105,17,,Undirected,1,snapped,1.000,"LINESTRING (339124.93 5676550.78, 339096.72 5676588.85)"
139,16,106,,Undirected,1,snapped,1.179,"LINESTRING (339142.02 5676527.03, 339124.93 5676550.78, 339122.62 5676548.77, 339040.63 5676477.51, 339037.23 5676474.34, 339035.02 5676469.55, 339032.76 5676463.27, 339028.22 5676455.93, 339019.11 5676448.65, 339003.65 5676437.01, 338997.15 5676433.71, 338987.76 5676433.26, 338981.24 5676437.78, 338966.16 5676423.10, 338960.64 5676417.72, 338955.99 5676412.75, 338941.05 5676397.30, 338934.98 5676388.36, 338930.19 5676379.16, 338926.66 5676374.22, 338922.00 5676369.13, 338918.65 5676363.81, 338917.32 5676360.21, 338921.11 5676352.14)"
140,106,107,,Undirected,1,snapped,1.179,"LINESTRING (339142.02 5676527.03, 339124.93 5676550.78, 339122.62 5676548.77, 339040.63 5676477.51, 339037.23 5676474.34, 339035.02 5676469.55, 339032.76 5676463.27, 339028.22 5676455.93, 339019.11 5676448.65, 339003.65 5676437.01, 338997.15 5676433.71, 338987.76 5676433.26, 338981.24 5676437.78, 338966.16 5676423.10, 338960.64 5676417.72, 338955.99 5676412.75, 338941.05 5676397.30, 338934.98 5676388.36, 338930.19 5676379.16, 338926.66 5676374.22, 338922.00 5676369.13, 338918.65 5676363.81, 338917.32 5676360.21, 338921.11 5676352.14)"
141,108,109,,Undirected,1,snapped,1.393,"LINESTRING (338981.24 5676437.78, 338966.16 5676423.10, 338960.64 5676417.72, 338957.93 5676420.74, 338942.90 5676435.05)"
142,109,110,,Undirected,1,snapped,1.324,"LINESTRING (338942.90 5676435.05, 338928.19 5676452.52, 338918.09 5676450.99, 338894.24 5676430.10)"
143,110,111,,Undirected,1,snapped,1.061,"LINESTRING (338894.24 5676430.10, 338882.98 5676430.24, 338864.31 5676448.45, 338862.66 5676450.06)"
144,111,20,,Undirected,1,unmatched,2.667,"LINESTRING (338909.45 5676614.28, 338862.66 5676450.06)"
145,19,111,,Undirected,1,snapped,1.001,"LINESTRING (339025.37 5676612.30, 339022.44 5676608.47, 338987.14 5676568.95, 338974.74 5676554.94, 338956.44 5676538.71, 338917.02 5676503.74, 338862.66 5676450.06)"
146,18,112,,Undirected,1,snapped,1.001,"LINESTRING (339038.60 5676630.68, 339025.37 5676612.30, 339022.44 5676608.47, 338987.14 5676568.95, 338974.74 5676554.94)"
147,112,110,,Undirected,1,snapped,1.301,"LINESTRING (338894.24 5676430.10, 338882.98 5676430.24, 338864.31 5676448.45, 338862.66 5676450.06, 338917.02 5676503.74, 338956.44 5676538.71, 338974.74 5676554.94)"
148,112,113,,Undirected,1,snapped,1.796,"LINESTRING (338942.90 5676435.05, 338957.93 5676420.74, 338960.64 5676417.72, 338966.16 5676423.10, 338981.24 5676437.78, 338921.61 5676499.03, 338917.02 5676503.74, 338956.44 5676538.71, 338974.74 5676554.94)"
149,113,109,,Undirected,1,snapped,1.796,"LINESTRING (338942.90 5676435.05, 338957.93 5676420.74, 338960.64 5676417.72, 338966.16 5676423.10, 338981.24 5676437.78, 338921.61 5676499.03, 338917.02 5676503.74, 338956.44 5676538.71, 338974.74 5676554.94)"
150,112,114,,Undirected,1,unmatched,6.248,"LINESTRING (338974.74 5676554.94, 338952.89 5676506.61)"
151,14,115,,Undirected,1,unmatched,,"LINESTRING (339255.86 5676369.98, 339111.23 5676091.44)"
152,115,116,,Undirected,1,unmatched,,"LINESTRING (339111.23 5676091.44, 338982.50 5675686.00)"
153,115,117,,Undirected,1,unmatched,,"LINESTRING (339111.23 5676091.44, 338795.23 5676213.05)"
154,117,118,,Undirected,1,unmatched,,"LINESTRING (338795.23 5676213.05, 338759.96 5676358.79)"
155,118,119,,Undirected,1,snapped,1.204,"LINESTRING (338816.79 5676732.27, 338765.94 5676747.43, 338750.35 5676694.45, 338740.78 5676663.91, 338722.13 5676604.97, 338721.12 5676593.09, 338730.29 5676520.35, 338736.57 5676413.94, 338741.84 5676386.78, 338755.12 5676365.82, 338759.96 5676358.79)"
156,119,21,,Undirected,1,snapped,1.204,"LINESTRING (338816.79 5676732.27, 338765.94 5676747.43, 338750.35 5676694.45, 338740.78 5676663.91, 338722.13 5676604.97, 338721.12 5676593.09, 338730.29 5676520.35, 338736.57 5676413.94, 338741.84 5676386.78, 338755.12 5676365.82, 338759.96 5676358.79)"
157,21,101,,Undirected,1,snapped,1.895,"LINESTRING (338816.79 5676732.27, 338862.43 5676719.38, 338872.17 5676716.61, 338917.37 5676698.27, 338911.35 5676716.51, 338905.46 5676737.82, 338894.88 5676783.21, 338871.47 5676874.17)"
158,101,120,,Undirected,1,snapped,1.468,"LINESTRING (338871.47 5676874.17, 338883.32 5676876.88, 338950.98 5676892.37, 338971.76 5676897.10, 339007.66 5676906.07, 339040.39 5676915.89, 339062.81 5676924.81, 339064.61 5676934.76, 339061.04 5676994.48, 339058.52 5677027.50, 339058.66 5677037.78, 339059.74 5677045.48, 339061.02 5677050.73, 339064.28 5677066.48, 339072.17 5677088.79, 339081.62 5677111.55, 339086.36 5677120.16, 339121.22 5677209.51, 339137.34 5677245.27, 339153.01 5677290.77, 339156.35 5677301.52, 339156.43 5677316.09, 339174.08 5677357.02, 339175.97 5677361.78, 339181.19 5677376.26, 339181.54 5677380.97, 339179.80 5677385.16, 339176.96 5677388.43, 339138.24 5677398.41, 339115.52 5677403.03, 339104.27 5677407.97, 339100.99 5677410.69, 339100.77 5677411.61, 339105.85 5677421.19, 339117.80 5677445.83, 339162.91 5677429.20, 339197.23 5677417.34, 339257.49 5677396.51)"
159,120,121,,Undirected,1,snapped,1.468,"LINESTRING (338871.47 5676874.17, 338883.32 5676876.88, 338950.98 5676892.37, 338971.76 5676897.10, 339007.66 5676906.07, 339040.39 5676915.89, 339062.81 5676924.81, 339064.61 5676934.76, 339061.04 5676994.48, 339058.52 5677027.50, 339058.66 5677037.78, 339059.74 5677045.48, 339061.02 5677050.73, 339064.28 5677066.48, 339072.17 5677088.79, 339081.62 5677111.55, 339086.36 5677120.16, 339121.22 5677209.51, 339137.34 5677245.27, 339153.01 5677290.77, 339156.35 5677301.52, 339156.43 5677316.09, 339174.08 5677357.02, 339175.97 5677361.78, 339181.19 5677376.26, 339181.54 5677380.97, 339179.80 5677385.16, 339176.96 5677388.43, 339138.24 5677398.41, 339115.52 5677403.03, 339104.27 5677407.97, 339100.99 5677410.69, 339100.77 5677411.61, 339105.85 5677421.19, 339117.80 5677445.83, 339162.91 5677429.20, 339197.23 5677417.34, 339257.49 5677396.51)"
160,121,122,,Undirected,1,snapped,1.468,"LINESTRING (338871.47 5676874.17, 338883.32 5676876.88, 338950.98 5676892.37, 338971.76 5676897.10, 339007.66 5676906.07, 339040.39 5676915.89, 339062.81 5676924.81, 339064.61 5676934.76, 339061.04 5676994.48, 339058.52 5677027.50, 339058.66 5677037.78, 339059.74 5677045.48, 339061.02 5677050.73, 339064.28 5677066.48, 339072.17 5677088.79, 339081.62 5677111.55, 339086.36 5677120.16, 339121.22 5677209.51, 339137.34 5677245.27, 339153.01 5677290.77, 339156.35 5677301.52, 339156.43 5677316.09, 339174.08 5677357.02, 339175.97 5677361.78, 339181.19 5677376.26, 339181.54 5677380.97, 339179.80 5677385.16, 339176.96 5677388.43, 339138.24 5677398.41, 339115.52 5677403.03, 339104.27 5677407.97, 339100.99 5677410.69, 339100.77 5677411.61, 339105.85 5677421.19, 339117.80 5677445.83, 339162.91 5677429.20, 339197.23 5677417.34, 339257.49 5677396.51)"
161,122,123,,Undirected,1,snapped,1.468,"LINESTRING (338871.47 5676874.17, 338883.32 5676876.88, 338950.98 5676892.37, 338971.76 5676897.10, 339007.66 5676906.07, 339040.39 5676915.89, 339062.81 5676924.81, 339064.61 5676934.76, 339061.04 5676994.48, 339058.52 5677027.50, 339058.66 5677037.78, 339059.74 5677045.48, 339061.02 5677050.73, 339064.28 5677066.48, 339072.17 5677088.79, 339081.62 5677111.55, 339086.36 5677120.16, 339121.22 5677209.51, 339137.34 5677245.27, 339153.01 5677290.77, 339156.35 5677301.52, 339156.43 5677316.09, 339174.08 5677357.02, 339175.97 5677361.78, 339181.19 5677376.26, 339181.54 5677380.97, 339179.80 5677385.16, 339176.96 5677388.43, 339138.24 5677398.41, 339115.52 5677403.03, 339104.27 5677407.97, 339100.99 5677410.69, 339100.77 5677411.61, 339105.85 5677421.19, 339117.80 5677445.83, 339162.91 5677429.20, 339197.23 5677417.34, 339257.49 5677396.51)"
162,123,124,,Undirected,1,unmatched,,"LINESTRING (339257.49 5677396.51, 339376.85 5677575.00)"
163,124,125,,Undirected,1,unmatched,,"LINESTRING (339376.85 5677575.00, 339470.79 5677725.06)"
164,125,126,,Undirected,1,unmatched,,"LINESTRING (339470.79 5677725.06, 339566.71 5677814.00)"
165,126,127,,Undirected,1,unmatched,,"LINESTRING (339566.71 5677814.00, 339710.21 5677903.32)"
166,128,129,,Undirected,1,unmatched,,"LINESTRING (338575.64 5677950.09, 339093.38 5677778.85)"
167,129,124,,Undirected,1,unmatched,,"LINESTRING (339376.85 5677575.00, 339093.38 5677778.85)"
168,124,130,,Undirected,1,unmatched,,"LINESTRING (339376.85 5677575.00, 339796.21 5677222.98)"
169,131,129,,Undirected,1,snapped,1.069,"LINESTRING (339093.38 5677778.85, 339129.81 5677879.28, 339154.16 5677948.60, 339160.65 5677968.06, 339181.31 5678029.42, 339192.95 5678061.95, 339190.03 5678065.38, 339179.46 5678079.69, 339156.91 5678109.19)"
170,129,132,,Undirected,1,snapped,1.017,"LINESTRING (338871.47 5676874.17, 338857.01 5676939.51, 338849.67 5676979.75, 338847.74 5677007.38, 338848.57 5677037.93, 338852.52 5677067.53, 338854.92 5677085.11, 338862.41 5677121.90, 338870.15 5677148.77, 338889.91 5677209.82, 338977.77 5677455.90, 338983.35 5677472.47, 338993.84 5677501.43, 338996.73 5677510.13, 339046.23 5677647.08, 339052.27 5677667.95, 339053.91 5677672.36, 339055.29 5677677.21, 339057.46 5677681.66, 339059.07 5677686.33, 339078.45 5677737.47, 339093.38 5677778.85)"
171,132,101,,Undirected,1,snapped,1.017,"LINESTRING (338871.47 5676874.17, 338857.01 5676939.51, 338849.67 5676979.75, 338847.74 5677007.38, 338848.57 5677037.93, 338852.52 5677067.53, 338854.92 5677085.11, 338862.41 5677121.90, 338870.15 5677148.77, 338889.91 5677209.82, 338977.77 5677455.90, 338983.35 5677472.47, 338993.84 5677501.43, 338996.73 5677510.13, 339046.23 5677647.08, 339052.27 5677667.95, 339053.91 5677672.36, 339055.29 5677677.21, 339057.46 5677681.66, 339059.07 5677686.33, 339078.45 5677737.47, 339093.38 5677778.85)"
172,101,133,,Undirected,1,unmatched,2.606,"LINESTRING (338871.47 5676874.17, 338692.76 5676823.53)"
173,133,134,,Undirected,1,unmatched,2.606,"LINESTRING (338692.76 5676823.53, 338692.76 5676823.53)"
174,135,136,,Undirected,1,unmatched,2.556,"LINESTRING (338508.98 5676975.36, 338680.89 5676895.06)"
175,136,137,,Undirected,1,unmatched,2.556,"LINESTRING (338680.89 5676895.06, 338780.38 5676929.04)"
176,22,138,,Undirected,1,snapped,1.001,"LINESTRING (338649.18 5676785.24, 338585.23 5676807.14, 338475.44 5676859.37)"
177,138,139,,Undirected,1,snapped,1.001,"LINESTRING (338649.18 5676785.24, 338585.23 5676807.14, 338475.44 5676859.37)"
178,139,24,,Undirected,1,snapped,1.001,"LINESTRING (338649.18 5676785.24, 338585.23 5676807.14, 338475.44 5676859.37)"
179,140,141,,Undirected,1,snapped,1.135,"LINESTRING (338420.42 5676885.28, 338475.44 5676859.37, 338485.85 5676892.45, 338592.16 5676862.10, 338665.16 5676839.16)"
180,142,143,,Undirected,1,unmatched,,"LINESTRING (338022.10 5676850.67, 338136.24 5676833.45)"
181,143,144,,Undirected,1,unmatched,,"LINESTRING (338136.24 5676833.45, 338120.08 5676734.37)"
183,24,147,,Undirected,1,unmatched,,"LINESTRING (338475.44 5676859.37, 338290.99 5676799.60)"
184,23,148,,Undirected,1,snapped,1.234,"LINESTRING (338457.32 5676804.60, 338434.60 5676740.29, 338414.55 5676681.09, 338400.99 5676643.19, 338397.13 5676634.98, 338440.65 5676622.86)"
185,123,97,,Undirected,1,unmatched,,"LINESTRING (339446.63 5676793.33, 339257.49 5677396.51)"
186,149,150,,Undirected,1,snapped,1.139,"LINESTRING (339880.67 5676750.64, 339881.57 5676756.01, 339895.52 5676839.27, 339899.78 5676868.98, 339906.28 5676906.18, 339914.00 5676950.26, 339940.11 5677099.54, 339855.05 5677175.95, 339839.37 5677188.18, 339815.79 5677207.19, 339796.21 5677222.98, 339777.70 5677237.90)"
187,150,151,,Undirected,1,snapped,1.139,"LINESTRING (339880.67 5676750.64, 339881.57 5676756.01, 339895.52 5676839.27, 339899.78 5676868.98, 339906.28 5676906.18, 339914.00 5676950.26, 339940.11 5677099.54, 339855.05 5677175.95, 339839.37 5677188.18, 339815.79 5677207.19, 339796.21 5677222.98, 339777.70 5677237.90)"
188,151,86,,Undirected,1,snapped,1.139,"LINESTRING (339880.67 5676750.64, 339881.57 5676756.01, 339895.52 5676839.27, 339899.78 5676868.98, 339906.28 5676906.18, 339914.00 5676950.26, 339940.11 5677099.54, 339855.05 5677175.95, 339839.37 5677188.18, 339815.79 5677207.19, 339796.21 5677222.98, 339777.70 5677237.90)"
189,67,152,,Undirected,1,snapped,1.040,"LINESTRING (340415.32 5676691.58, 340437.59 5676714.31, 340458.55 5676734.71, 340472.65 5676747.52, 340485.43 5676757.00, 340489.85 5676758.61, 340495.97 5676760.58, 340503.32 5676760.91, 340511.38 5676759.96)"
190,152,153,,Undirected,1,snapped,1.398,"LINESTRING (340511.38 5676759.96, 340517.16 5676759.23, 340523.71 5676756.20, 340530.47 5676747.88, 340541.20 5676762.20, 340544.03 5676767.71, 340551.62 5676782.63)"
191,154,152,,Undirected,1,snapped,2.055,"LINESTRING (340511.38 5676759.96, 340517.16 5676759.23, 340523.71 5676756.20, 340530.47 5676747.88, 340541.20 5676762.20, 340544.03 5676767.71, 340551.62 5676782.63, 340536.05 5676790.63, 340533.04 5676792.34, 340520.96 5676799.17, 340504.53 5676808.45, 340490.01 5676816.59, 340480.52 5676824.76)"
192,152,155,,Undirected,1,snapped,1.052,"LINESTRING (340511.38 5676759.96, 340517.16 5676759.23, 340523.71 5676756.20, 340530.47 5676747.88)"
193,155,152,,Undirected,1,snapped,1.052,"LINESTRING (340511.38 5676759.96, 340517.16 5676759.23, 340523.71 5676756.20, 340530.47 5676747.88)"
194,152,156,,Undirected,1,snapped,1.281,"LINESTRING (340511.38 5676759.96, 340517.16 5676759.23, 340523.71 5676756.20, 340530.47 5676747.88, 340541.20 5676762.20, 340544.03 5676767.71, 340551.62 5676782.63, 340564.00 5676776.26, 340622.87 5676748.42)"
195,157,158,,Undirected,1,snapped,1.791,"LINESTRING (340545.79 5676919.63, 340491.03 5676926.14, 340482.84 5676844.60, 340480.52 5676824.76, 340490.01 5676816.59, 340504.53 5676808.45, 340520.96 5676799.17, 340533.04 5676792.34, 340536.05 5676790.63, 340551.62 5676782.63, 340544.03 5676767.71, 340541.20 5676762.20, 340530.47 5676747.88, 340523.71 5676756.20, 340517.16 5676759.23, 340511.38 5676759.96, 340503.32 5676760.91, 340495.97 5676760.58, 340489.85 5676758.61, 340485.43 5676757.00, 340472.65 5676747.52, 340458.55 5676734.71)"
199,164,166,,Undirected,1,unmatched,,"LINESTRING (339565.94 5677814.79, 339401.46 5677986.67)"
200,166,130,,Undirected,1,unmatched,,"LINESTRING (339796.21 5677222.98, 339565.94 5677814.79)"
201,130,167,,Undirected,1,unmatched,,"LINESTRING (339796.21 5677222.98, 340175.74 5676853.23)"
202,167,168,,Undirected,1,unmatched,,"LINESTRING (340175.74 5676853.23, 340196.62 5676827.31)"
203,168,169,,Undirected,1,unmatched,,"LINESTRING (340196.62 5676827.31, 340274.59 5676798.18)"
204,169,170,,Undirected,1,unmatched,,"LINESTRING (340274.59 5676798.18, 340435.88 5676712.56)"
205,170,171,,Undirected,1,unmatched,,"LINESTRING (340435.88 5676712.56, 340720.45 5676290.02)"
206,171,172,,Undirected,1,unmatched,,"LINESTRING (340720.45 5676290.02, 340756.35 5676193.21)"
207,172,173,,Undirected,1,unmatched,,"LINESTRING (340756.35 5676193.21, 341140.81 5675868.47)"
208,173,174,,Undirected,1,unmatched,,"LINESTRING (341140.81 5675868.47, 340191.47 5676833.71)"
209,174,168,,Undirected,1,unmatched,,"LINESTRING (340191.47 5676833.71, 340196.62 5676827.31)"
210,168,175,,Undirected,1,unmatched,8.101,"LINESTRING (340181.76 5676828.33, 340196.62 5676827.31)"
211,175,68,,Undirected,1,unmatched,8.101,"LINESTRING (340174.79 5676837.91, 340181.76 5676828.33)"
212,118,176,,Undirected,1,snapped,1.273,"LINESTRING (338759.96 5676358.79, 338746.42 5676342.11, 338683.11 5676248.72, 338666.68 5676227.18, 338659.44 5676219.51, 338650.13 5676212.91, 338640.22 5676208.38, 338628.72 5676203.12, 338571.39 5676190.16, 338504.79 5676175.16, 338503.43 5676178.67, 338483.05 5676218.75, 338470.72 5676232.98)"
213,176,177,,Undirected,1,snapped,1.007,"LINESTRING (338470.72 5676232.98, 338483.05 5676218.75, 338503.43 5676178.67, 338504.79 5676175.16)"
214,176,178,,Undirected,1,snapped,1.433,"LINESTRING (338470.72 5676232.98, 338483.05 5676218.75, 338503.43 5676178.67, 338504.79 5676175.16, 338464.90 5676166.40, 338450.82 5676162.91, 338440.34 5676159.64, 338424.45 5676153.09, 338412.52 5676146.16, 338397.76 5676136.57, 338383.94 5676126.13, 338363.05 5676111.64, 338343.82 5676096.53, 338336.14 5676090.42, 338327.15 5676081.28, 338317.31 5676070.06, 338305.79 5676055.85, 338293.14 5676040.91, 338287.04 5676032.07, 338281.24 5676034.48, 338274.68 5676038.49, 338254.18 5676044.39, 338163.51 5676098.76, 338085.50 5676143.61)"
215,178,179,,Undirected,1,snapped,1.433,"LINESTRING (338470.72 5676232.98, 338483.05 5676218.75, 338503.43 5676178.67, 338504.79 5676175.16, 338464.90 5676166.40, 338450.82 5676162.91, 338440.34 5676159.64, 338424.45 5676153.09, 338412.52 5676146.16, 338397.76 5676136.57, 338383.94 5676126.13, 338363.05 5676111.64, 338343.82 5676096.53, 338336.14 5676090.42, 338327.15 5676081.28, 338317.31 5676070.06, 338305.79 5676055.85, 338293.14 5676040.91, 338287.04 5676032.07, 338281.24 5676034.48, 338274.68 5676038.49, 338254.18 5676044.39, 338163.51 5676098.76, 338085.50 5676143.61)"
216,179,180,,Undirected,1,snapped,1.006,"LINESTRING (338085.50 5676143.61, 338046.96 5676166.64, 338007.43 5676187.17, 337967.13 5676200.29, 337902.70 5676219.39)"
217,179,181,,Undirected,1,snapped,1.084,"LINESTRING (338085.50 5676143.61, 338018.66 5676083.22, 338002.82 5676065.79, 337894.51 5676016.68, 337893.56 5675998.91, 337886.14 5675960.06, 337871.86 5675901.69)"
218,182,183,,Undirected,1,snapped,1.991,"LINESTRING (339092.78 5676757.37, 339063.60 5676681.26, 339050.26 5676651.04, 339038.60 5676630.68, 339023.33 5676639.54, 338968.50 5676670.14, 338969.78 5676678.36, 338970.27 5676681.50, 338971.99 5676692.83, 338973.99 5676707.70)"
219,183,184,,Undirected,1,snapped,1.991,"LINESTRING (339092.78 5676757.37, 339063.60 5676681.26, 339050.26 5676651.04, 339038.60 5676630.68, 339023.33 5676639.54, 338968.50 5676670.14, 338969.78 5676678.36, 338970.27 5676681.50, 338971.99 5676692.83, 338973.99 5676707.70)"
220,184,103,,Undirected,1,snapped,1.991,"LINESTRING (339092.78 5676757.37, 339063.60 5676681.26, 339050.26 5676651.04, 339038.60 5676630.68, 339023.33 5676639.54, 338968.50 5676670.14, 338969.78 5676678.36, 338970.27 5676681.50, 338971.99 5676692.83, 338973.99 5676707.70)"
221,102,185,,Undirected,1,snapped,1.000,"LINESTRING (338862.43 5676719.38, 338816.79 5676732.27, 338765.94 5676747.43)"
222,185,186,,Undirected,1,snapped,1.000,"LINESTRING (338862.43 5676719.38, 338816.79 5676732.27, 338765.94 5676747.43)"
223,186,187,,Undirected,1,snapped,1.000,"LINESTRING (338765.94 5676747.43, 338746.29 5676753.05)"
224,186,188,,Undirected,1,snapped,1.355,"LINESTRING (338765.94 5676747.43, 338746.29 5676753.05, 338757.68 5676790.96)"
225,99,189,,Undirected,1,snapped,1.735,"LINESTRING (339069.19 5676868.13, 339069.74 5676863.85, 339078.77 5676792.69, 339078.96 5676791.18, 339079.36 5676789.94, 339083.59 5676777.05, 339084.68 5676773.71, 339089.11 5676762.44, 339092.78 5676757.37, 339098.47 5676766.05, 339106.59 5676776.85, 339117.07 5676786.19, 339131.38 5676795.17, 339147.37 5676800.92, 339149.64 5676801.08, 339149.29 5676804.49, 339200.49 5676878.10, 339274.67 5677006.07)"
226,189,190,,Undirected,1,snapped,1.735,"LINESTRING (339069.19 5676868.13, 339069.74 5676863.85, 339078.77 5676792.69, 339078.96 5676791.18, 339079.36 5676789.94, 339083.59 5676777.05, 339084.68 5676773.71, 339089.11 5676762.44, 339092.78 5676757.37, 339098.47 5676766.05, 339106.59 5676776.85, 339117.07 5676786.19, 339131.38 5676795.17, 339147.37 5676800.92, 339149.64 5676801.08, 339149.29 5676804.49, 339200.49 5676878.10, 339274.67 5677006.07)"
227,88,9,,Undirected,1,snapped,1.163,"LINESTRING (339831.73 5676176.35, 339792.01 5676199.40, 339774.99 5676208.26, 339779.56 5676222.66, 339789.74 5676266.22, 339801.26 5676315.43, 339806.09 5676339.35, 339820.27 5676409.68)"
228,3,191,,Undirected,1,snapped,1.350,"LINESTRING (340943.65 5675522.10, 340982.40 5675499.79, 340991.92 5675494.30, 340975.54 5675465.98, 340944.66 5675412.63, 340938.47 5675401.94)"
229,2,192,,Undirected,1,snapped,1.004,"LINESTRING (341096.33 5675430.64, 341093.98 5675413.40, 341093.70 5675390.35, 341094.66 5675363.85, 341096.79 5675338.90, 341098.91 5675329.07, 341094.62 5675291.23, 341091.14 5675248.34, 341086.74 5675190.44)"
230,193,194,,Undirected,1,unmatched,,
231,194,195,,Undirected,1,unmatched,,
232,195,196,,Undirected,1,unmatched,,
233,196,193,,Undirected,1,unmatched,,
234,197,198,,Undirected,1,unmatched,,
235,198,199,,Undirected,1,unmatched,,
236,199,200,,Undirected,1,unmatched,,
237,200,197,,Undirected,1,unmatched,,
238,16,201,,Undirected,1,snapped,1.183,"LINESTRING (339142.02 5676527.03, 339124.93 5676550.78, 339122.62 5676548.77, 339040.63 5676477.51, 339037.23 5676474.34, 339035.02 5676469.55, 339032.76 5676463.27, 339028.22 5676455.93, 339019.11 5676448.65, 339003.65 5676437.01, 338997.15 5676433.71, 338987.76 5676433.26, 338981.24 5676437.78, 338966.16 5676423.10, 338960.64 5676417.72)"
239,201,202,,Undirected,1,snapped,1.183,"LINESTRING (339142.02 5676527.03, 339124.93 5676550.78, 339122.62 5676548.77, 339040.63 5676477.51, 339037.23 5676474.34, 339035.02 5676469.55, 339032.76 5676463.27, 339028.22 5676455.93, 339019.11 5676448.65, 339003.65 5676437.01, 338997.15 5676433.71, 338987.76 5676433.26, 338981.24 5676437.78, 338966.16 5676423.10, 338960.64 5676417.72)"
240,202,203,,Undirected,1,snapped,1.183,"LINESTRING (339142.02 5676527.03, 339124.93 5676550.78, 339122.62 5676548.77, 339040.63 5676477.51, 339037.23 5676474.34, 339035.02 5676469.55, 339032.76 5676463.27, 339028.22 5676455.93, 339019.11 5676448.65, 339003.65 5676437.01, 338997.15 5676433.71, 338987.76 5676433.26, 338981.24 5676437.78, 338966.16 5676423.10, 338960.64 5676417.72)"
241,203,204,,Undirected,1,snapped,1.183,"LINESTRING (339142.02 5676527.03, 339124.93 5676550.78, 339122.62 5676548.77, 339040.63 5676477.51, 339037.23 5676474.34, 339035.02 5676469.55, 339032.76 5676463.27, 339028.22 5676455.93, 339019.11 5676448.65, 339003.65 5676437.01, 338997.15 5676433.71, 338987.76 5676433.26, 338981.24 5676437.78, 338966.16 5676423.10, 338960.64 5676417.72)"
242,204,205,,Undirected,1,snapped,1.183,"LINESTRING (339142.02 5676527.03, 339124.93 5676550.78, 339122.62 5676548.77, 339040.63 5676477.51, 339037.23 5676474.34, 339035.02 5676469.55, 339032.76 5676463.27, 339028.22 5676455.93, 339019.11 5676448.65, 339003.65 5676437.01, 338997.15 5676433.71, 338987.76 5676433.26, 338981.24 5676437.78, 338966.16 5676423.10, 338960.64 5676417.72)"
243,205,206,,Undirected,1,snapped,1.183,"LINESTRING (339142.02 5676527.03, 339124.93 5676550.78, 339122.62 5676548.77, 339040.63 5676477.51, 339037.23 5676474.34, 339035.02 5676469.55, 339032.76 5676463.27, 339028.22 5676455.93, 339019.11 5676448.65, 339003.65 5676437.01, 338997.15 5676433.71, 338987.76 5676433.26, 338981.24 5676437.78, 338966.16 5676423.10, 338960.64 5676417.72)"
246,209,210,,Undirected,1,unmatched,,"LINESTRING (338926.67 5676220.10, 339086.81 5676220.59)"
247,211,212,,Undirected,1,unmatched,,"LINESTRING (338993.79 5676170.52, 339084.45 5676167.85)"
248,213,214,,Undirected,1,unmatched,,"LINESTRING (339201.84 5676135.50, 339291.73 5676085.74)"
249,215,216,,Undirected,1,snapped,1.406,"LINESTRING (340177.57 5676681.12, 340156.58 5676685.25, 340155.89 5676680.98, 340151.34 5676652.93)"
250,216,217,,Undirected,1,snapped,1.406,"LINESTRING (340177.57 5676681.12, 340156.58 5676685.25, 340155.89 5676680.98, 340151.34 5676652.93)"
251,279,280,,Undirected,1,unmatched,,
252,280,281,,Undirected,1,unmatched,,
253,281,282,,Undirected,1,unmatched,,
254,282,279,,Undirected,1,unmatched,,
255,307,308,,Undirected,1,snapped,1.090,"LINESTRING (339266.23 5677189.56, 339253.21 5677189.51, 339240.75 5677153.97, 339238.21 5677136.90, 339234.17 5677114.97, 339226.24 5677097.16)"
256,311,312,,Undirected,1,unmatched,,"LINESTRING (339356.92 5677054.17, 339274.67 5677006.07)"
257,314,315,,Undirected,1,unmatched,,"LINESTRING (339442.77 5677122.52, 339410.98 5677074.89)"
258,316,317,,Undirected,1,snapped,1.000,"LINESTRING (339471.84 5676978.83, 339469.44 5676926.20)"
259,90,358,,Undirected,1,unmatched,3.453,"LINESTRING (339913.92 5676396.46, 339896.97 5676398.74)"
260,358,359,,Undirected,1,unmatched,3.453,"LINESTRING (339896.97 5676398.74, 339915.47 5676406.02)"
261,359,360,,Undirected,1,unmatched,3.453,"LINESTRING (339915.47 5676406.02, 339872.22 5676478.98)"
