Id,Source,Target,Type,Weight,source_label,target_label,source_lon,source_lat,target_lon,target_lat,length_m,nearest_street_id,nearest_street_name
1,1,2,Undirected,1,Node 1,Node 2,24.7253076,51.2073156,24.7251624,51.2075398,26.9,55,ul. Szpitalna
2,2,3,Undirected,1,Node 2,Node 3,24.7251624,51.2075398,24.7225349,51.2090782,250.5,55,ul. Szpitalna
3,3,4,Undirected,1,Node 3,Node 4,24.7225349,51.2090782,24.7172105,51.2109634,426.0,52,ul. Malinowska
4,4,5,Undirected,1,Node 4,Node 5,24.7172105,51.2109634,24.7158223,51.2113809,107.3,40,ul. Łucka
5,5,6,Undirected,1,Node 5,Node 6,24.7158223,51.2113809,24.7135651,51.2124058,194.2,40,ul. Łucka
6,6,7,Undirected,1,Node 6,Node 7,24.7135651,51.2124058,24.7111329,51.2139045,237.6,54,ul. Zamoyskiego
7,7,8,Undirected,1,Node 7,Node 8,24.7111329,51.2139045,24.7090660,51.2139877,144.3,48,ul. Poniatowskiego
8,8,9,Undirected,1,Node 8,Node 9,24.7090660,51.2139877,24.7069519,51.2138894,147.7,46,ul. Kulowa
9,9,10,Undirected,1,Node 9,Node 10,24.7069519,51.2138894,24.7043107,51.2148404,212.2,27,ul. Warszawska
10,10,11,Undirected,1,Node 10,Node 11,24.7043107,51.2148404,24.7025580,51.2151124,125.8,20,ul. Kościuszki
11,11,12,Undirected,1,Node 11,Node 12,24.7025580,51.2151124,24.7018473,51.2152361,51.4,21,ul. Jurydyczna
12,12,13,Undirected,1,Node 12,Node 13,24.7018473,51.2152361,24.6997818,51.2156901,152.5,21,ul. Jurydyczna
13,13,14,Undirected,1,Node 13,Node 14,24.6997818,51.2156901,24.6982730,51.2160499,112.4,21,ul. Jurydyczna
14,14,15,Undirected,1,Node 14,Node 15,24.6982730,51.2160499,24.6977297,51.2162180,42.2,34,ul. Magistracka
15,15,16,Undirected,1,Node 15,Node 16,24.6977297,51.2162180,24.6966592,51.2175735,168.2,34,ul. Magistracka
16,16,17,Undirected,1,Node 16,Node 17,24.6966592,51.2175735,24.6963683,51.2177113,25.4,34,ul. Magistracka
17,17,18,Undirected,1,Node 17,Node 18,24.6963683,51.2177113,24.6952903,51.2178764,77.3,37,ul. Handlowa
18,18,19,Undirected,1,Node 18,Node 19,24.6952903,51.2178764,24.6944539,51.2180120,60.2,37,ul. Handlowa
19,19,20,Undirected,1,Node 19,Node 20,24.6944539,51.2180120,24.6931724,51.2182645,93.6,37,ul. Handlowa
20,20,21,Undirected,1,Node 20,Node 21,24.6931724,51.2182645,24.6917854,51.2186937,107.7,9,ul. Żytnia
21,21,22,Undirected,1,Node 21,Node 22,24.6917854,51.2186937,24.6892762,51.2194154,192.3,4,ul. Brzeska
22,22,23,Undirected,1,Node 22,Node 23,24.6892762,51.2194154,24.6874451,51.2198716,137.2,4,ul. Brzeska
23,23,24,Undirected,1,Node 23,Node 24,24.6874451,51.2198716,24.6859618,51.2202998,113.7,2,ul. Garncarska
24,24,25,Undirected,1,Node 24,Node 25,24.6859618,51.2202998,24.6833135,51.2210031,200.3,2,ul. Garncarska
25,26,27,Undirected,1,Node 26,Node 27,24.7176296,51.2073642,24.7138699,51.2095275,355.6,41,ul. Budowlana
26,27,5,Undirected,1,Node 27,Node 5,24.7138699,51.2095275,24.7158223,51.2113809,246.9,40,ul. Łucka
27,4,28,Undirected,1,Node 4,Node 28,24.7172105,51.2109634,24.7172050,51.2106520,34.6,40,ul. Łucka
28,28,29,Undirected,1,Node 28,Node 29,24.7172050,51.2106520,24.7166385,51.2100801,74.8,41,ul. Budowlana
29,28,30,Undirected,1,Node 28,Node 30,24.7172050,51.2106520,24.7199279,51.2097557,214.3,52,ul. Malinowska
30,27,31,Undirected,1,Node 27,Node 31,24.7138699,51.2095275,24.7118514,51.2108544,203.8,21,ul. Jurydyczna
31,31,6,Undirected,1,Node 31,Node 6,24.7118514,51.2108544,24.7135651,51.2124058,209.8,40,ul. Łucka
32,31,32,Undirected,1,Node 31,Node 32,24.7118514,51.2108544,24.7106771,51.2101317,114.7,21,ul. Jurydyczna
33,32,33,Undirected,1,Node 32,Node 33,24.7106771,51.2101317,24.7073612,51.2112456,262.1,21,ul. Jurydyczna
34,33,34,Undirected,1,Node 33,Node 34,24.7073612,51.2112456,24.7075413,51.2098556,155.1,21,ul. Jurydyczna
35,34,35,Undirected,1,Node 34,Node 35,24.7075413,51.2098556,24.7097881,51.2095340,160.5,21,ul. Jurydyczna
36,34,36,Undirected,1,Node 34,Node 36,24.7075413,51.2098556,24.7057610,51.2103156,134.1,29,ul. Budzyńska
37,36,37,Undirected,1,Node 36,Node 37,24.7057610,51.2103156,24.7055788,51.2097746,61.5,29,ul. Budzyńska
38,37,38,Undirected,1,Node 37,Node 38,24.7055788,51.2097746,24.7049964,51.2083743,160.9,19,ul. Komarowska
39,37,39,Undirected,1,Node 37,Node 39,24.7055788,51.2097746,24.7074409,51.2094277,135.3,29,ul. Budzyńska
40,33,40,Undirected,1,Node 33,Node 40,24.7073612,51.2112456,24.7061753,51.2115953,91.3,29,ul. Budzyńska
41,40,36,Undirected,1,Node 40,Node 36,24.7061753,51.2115953,24.7057610,51.2103156,145.2,29,ul. Budzyńska
42,37,41,Undirected,1,Node 37,Node 41,24.7055788,51.2097746,24.7000662,51.2105085,392.6,19,ul. Komarowska
43,41,42,Undirected,1,Node 41,Node 42,24.7000662,51.2105085,24.6991419,51.2093355,145.5,19,ul. Komarowska
44,31,43,Undirected,1,Node 31,Node 43,24.7118514,51.2108544,24.7108700,51.2110950,73.4,21,ul. Jurydyczna
45,43,44,Undirected,1,Node 43,Node 44,24.7108700,51.2110950,24.7082518,51.2118766,202.0,32,ul. Pomnikowa
46,44,45,Undirected,1,Node 44,Node 45,24.7082518,51.2118766,24.7076976,51.2121060,46.3,32,ul. Pomnikowa
47,45,46,Undirected,1,Node 45,Node 46,24.7076976,51.2121060,24.7064719,51.2125648,99.5,38,ul. Kowalska
48,46,40,Undirected,1,Node 46,Node 40,24.7064719,51.2125648,24.7061753,51.2115953,109.8,28,ul. Mickiewicza
49,33,44,Undirected,1,Node 33,Node 44,24.7073612,51.2112456,24.7082518,51.2118766,93.7,32,ul. Pomnikowa
51,46,47,Undirected,1,Node 46,Node 47,24.7064719,51.2125648,24.7041579,51.2130482,169.9,28,ul. Mickiewicza
52,47,48,Undirected,1,Node 47,Node 48,24.7041579,51.2130482,24.7039524,51.2123348,80.6,28,ul. Mickiewicza
53,48,49,Undirected,1,Node 48,Node 49,24.7039524,51.2123348,24.7028872,51.2112213,144.3,29,ul. Budzyńska
54,49,50,Undirected,1,Node 49,Node 50,24.7028872,51.2112213,24.7006481,51.2115590,160.4,17,ul. Monopolowa
55,50,41,Undirected,1,Node 50,Node 41,24.7006481,51.2115590,24.7000662,51.2105085,123.6,17,ul. Monopolowa
56,50,51,Undirected,1,Node 50,Node 51,24.7006481,51.2115590,24.7014700,51.2127628,145.6,17,ul. Monopolowa
57,51,52,Undirected,1,Node 51,Node 52,24.7014700,51.2127628,24.7029548,51.2130822,109.4,17,ul. Monopolowa
58,52,47,Undirected,1,Node 52,Node 47,24.7029548,51.2130822,24.7041579,51.2130482,83.9,28,ul. Mickiewicza
59,13,51,Undirected,1,Node 13,Node 51,24.6997818,51.2156901,24.7014700,51.2127628,346.1,20,ul. Kościuszki
60,10,47,Undirected,1,Node 10,Node 47,24.7043107,51.2148404,24.7041579,51.2130482,199.6,20,ul. Kościuszki
61,11,53,Undirected,1,Node 11,Node 53,24.7025580,51.2151124,24.7022582,51.2144934,71.9,20,ul. Kościuszki
62,9,46,Undirected,1,Node 9,Node 46,24.7069519,51.2138894,24.7064719,51.2125648,151.0,28,ul. Mickiewicza
63,54,55,Undirected,1,Node 54,Node 55,24.7067636,51.2132922,24.7085925,51.2128810,135.3,38,ul. Kowalska
64,55,8,Undirected,1,Node 55,Node 8,24.7085925,51.2128810,24.7090660,51.2139877,127.4,38,ul. Kowalska
65,55,45,Undirected,1,Node 55,Node 45,24.7085925,51.2128810,24.7076976,51.2121060,106.4,32,ul. Pomnikowa
66,55,56,Undirected,1,Node 55,Node 56,24.7085925,51.2128810,24.7107100,51.2123468,159.0,32,ul. Pomnikowa
67,56,43,Undirected,1,Node 56,Node 43,24.7107100,51.2123468,24.7108700,51.2110950,139.6,32,ul. Pomnikowa
68,56,7,Undirected,1,Node 56,Node 7,24.7107100,51.2123468,24.7111329,51.2139045,175.7,32,ul. Pomnikowa
69,56,57,Undirected,1,Node 56,Node 57,24.7107100,51.2123468,24.7130789,51.2119073,172.1,32,ul. Pomnikowa
70,5,58,Undirected,1,Node 5,Node 58,24.7158223,51.2113809,24.7186609,51.2135221,309.5,52,ul. Malinowska
71,58,59,Undirected,1,Node 58,Node 59,24.7186609,51.2135221,24.7202549,51.2145445,158.9,56,ul. Graniczna
72,59,60,Undirected,1,Node 59,Node 60,24.7202549,51.2145445,24.7211651,51.2138606,99.0,57,ul. Dzierżyńskiego
73,60,61,Undirected,1,Node 60,Node 61,24.7211651,51.2138606,24.7197835,51.2130585,131.2,57,ul. Dzierżyńskiego
74,61,58,Undirected,1,Node 61,Node 58,24.7197835,51.2130585,24.7186609,51.2135221,93.7,56,ul. Graniczna
75,62,59,Undirected,1,Node 62,Node 59,24.7182627,51.2160362,24.7202549,51.2145445,216.3,56,ul. Graniczna
76,62,63,Undirected,1,Node 62,Node 63,24.7182627,51.2160362,24.7165532,51.2150084,165.0,59,ul. Szlachcica
77,63,64,Undirected,1,Node 63,Node 64,24.7165532,51.2150084,24.7159507,51.2145349,67.3,59,ul. Szlachcica
78,64,65,Undirected,1,Node 64,Node 65,24.7159507,51.2145349,24.7146345,51.2131732,177.0,48,ul. Poniatowskiego
79,65,6,Undirected,1,Node 65,Node 6,24.7146345,51.2131732,24.7135651,51.2124058,113.3,42,ul. Strażacka
80,63,58,Undirected,1,Node 63,Node 58,24.7165532,51.2150084,24.7186609,51.2135221,221.1,56,ul. Graniczna
81,62,66,Undirected,1,Node 62,Node 66,24.7182627,51.2160362,24.7153801,51.2184911,338.9,57,ul. Dzierżyńskiego
82,66,67,Undirected,1,Node 66,Node 67,24.7153801,51.2184911,24.7147633,51.2189731,68.7,62,ul. Dąbrowskiego
83,67,68,Undirected,1,Node 67,Node 68,24.7147633,51.2189731,24.7112265,51.2208291,321.3,45,ul. Poprzeczna
84,68,69,Undirected,1,Node 68,Node 69,24.7112265,51.2208291,24.7103237,51.2202074,93.4,,
85,69,70,Undirected,1,Node 69,Node 70,24.7103237,51.2202074,24.7103765,51.2176009,289.9,25,ul. 50. Kompanii
86,70,71,Undirected,1,Node 70,Node 71,24.7103765,51.2176009,24.7103248,51.2160865,168.4,25,ul. 50. Kompanii
87,71,72,Undirected,1,Node 71,Node 72,24.7103248,51.2160865,24.7099112,51.2150629,117.4,46,ul. Kulowa
88,72,73,Undirected,1,Node 72,Node 73,24.7099112,51.2150629,24.7092290,51.2148296,54.1,46,ul. Kulowa
89,73,8,Undirected,1,Node 73,Node 8,24.7092290,51.2148296,24.7090660,51.2139877,94.3,46,ul. Kulowa
90,73,74,Undirected,1,Node 73,Node 74,24.7092290,51.2148296,24.7124745,51.2151029,228.1,67,ul. Żeromskiego
91,74,75,Undirected,1,Node 74,Node 75,24.7124745,51.2151029,24.7131488,51.2147306,62.6,48,ul. Poniatowskiego
92,75,76,Undirected,1,Node 75,Node 76,24.7131488,51.2147306,24.7124560,51.2131187,185.6,54,ul. Zamoyskiego
93,75,65,Undirected,1,Node 75,Node 65,24.7131488,51.2147306,24.7146345,51.2131732,201.7,54,ul. Zamoyskiego
94,75,77,Undirected,1,Node 75,Node 77,24.7131488,51.2147306,24.7143352,51.2160091,164.4,54,ul. Zamoyskiego
95,77,64,Undirected,1,Node 77,Node 64,24.7143352,51.2160091,24.7159507,51.2145349,198.8,59,ul. Szlachcica
96,71,78,Undirected,1,Node 71,Node 78,24.7103248,51.2160865,24.7115439,51.2162945,88.0,50,ul. Koszowa
97,78,79,Undirected,1,Node 78,Node 79,24.7115439,51.2162945,24.7108389,51.2151115,140.4,49,ul. Perza
98,72,80,Undirected,1,Node 72,Node 80,24.7099112,51.2150629,24.7111650,51.2155500,102.8,67,ul. Żeromskiego
99,80,81,Undirected,1,Node 80,Node 81,24.7111650,51.2155500,24.7126420,51.2156898,104.0,49,ul. Perza
100,81,74,Undirected,1,Node 81,Node 74,24.7126420,51.2156898,24.7124745,51.2151029,66.3,48,ul. Poniatowskiego
101,74,81,Undirected,1,Node 74,Node 81,24.7124745,51.2151029,24.7126420,51.2156898,66.3,48,ul. Poniatowskiego
102,81,82,Undirected,1,Node 81,Node 82,24.7126420,51.2156898,24.7127748,51.2166988,112.6,49,ul. Perza
103,82,78,Undirected,1,Node 82,Node 78,24.7127748,51.2166988,24.7115439,51.2162945,96.8,50,ul. Koszowa
104,70,83,Undirected,1,Node 70,Node 83,24.7103765,51.2176009,24.7130953,51.2174055,190.6,50,ul. Koszowa
105,83,84,Undirected,1,Node 83,Node 84,24.7130953,51.2174055,24.7136971,51.2170920,54.5,44,ul. Listopadowa
106,84,82,Undirected,1,Node 84,Node 82,24.7136971,51.2170920,24.7127748,51.2166988,77.7,44,ul. Listopadowa
108,66,84,Undirected,1,Node 66,Node 84,24.7153801,51.2184911,24.7136971,51.2170920,194.8,45,ul. Poprzeczna
109,84,85,Undirected,1,Node 84,Node 85,24.7136971,51.2170920,24.7161907,51.2147418,313.8,59,ul. Szlachcica
110,69,86,Undirected,1,Node 69,Node 86,24.7103237,51.2202074,24.7072493,51.2198853,217.1,,
111,86,87,Undirected,1,Node 86,Node 87,24.7072493,51.2198853,24.7071259,51.2178793,223.2,25,ul. 50. Kompanii
112,87,88,Undirected,1,Node 87,Node 88,24.7071259,51.2178793,24.7062938,51.2165298,160.9,26,ul. Królowej Bony
113,88,89,Undirected,1,Node 88,Node 89,24.7062938,51.2165298,24.7070467,51.2164559,53.1,26,ul. Królowej Bony
114,89,90,Undirected,1,Node 89,Node 90,24.7070467,51.2164559,24.7074263,51.2167499,42.0,25,ul. 50. Kompanii
115,90,91,Undirected,1,Node 90,Node 91,24.7074263,51.2167499,24.7083652,51.2164551,73.2,25,ul. 50. Kompanii
116,91,71,Undirected,1,Node 91,Node 71,24.7083652,51.2164551,24.7103248,51.2160865,142.5,25,ul. 50. Kompanii
117,91,92,Undirected,1,Node 91,Node 92,24.7083652,51.2164551,24.7088978,51.2191107,297.6,25,ul. 50. Kompanii
118,92,69,Undirected,1,Node 92,Node 69,24.7088978,51.2191107,24.7103237,51.2202074,157.3,25,ul. 50. Kompanii
119,87,93,Undirected,1,Node 87,Node 93,24.7071259,51.2178793,24.7057329,51.2182377,104.9,26,ul. Królowej Bony
120,93,94,Undirected,1,Node 93,Node 94,24.7057329,51.2182377,24.7049028,51.2182653,57.9,26,ul. Królowej Bony
121,93,95,Undirected,1,Node 93,Node 95,24.7057329,51.2182377,24.7051693,51.2170158,141.4,26,ul. Królowej Bony
122,86,96,Undirected,1,Node 86,Node 96,24.7072493,51.2198853,24.7032745,51.2198860,276.8,22,ul. Prytyckiego
123,96,12,Undirected,1,Node 96,Node 12,24.7032745,51.2198860,24.7018473,51.2152361,526.5,21,ul. Jurydyczna
124,12,96,Undirected,1,Node 12,Node 96,24.7018473,51.2152361,24.7032745,51.2198860,526.5,21,ul. Jurydyczna
125,96,97,Undirected,1,Node 96,Node 97,24.7032745,51.2198860,24.6997531,51.2195350,248.3,22,ul. Prytyckiego
126,97,14,Undirected,1,Node 97,Node 14,24.6997531,51.2195350,24.6982730,51.2160499,401.0,35,ul. Kościelna
127,97,98,Undirected,1,Node 97,Node 98,24.6997531,51.2195350,24.6968618,51.2194495,201.6,7,ul. Pożarna
128,98,18,Undirected,1,Node 98,Node 18,24.6968618,51.2194495,24.6952903,51.2178764,206.3,37,ul. Handlowa
129,98,99,Undirected,1,Node 98,Node 99,24.6968618,51.2194495,24.6952000,51.2205284,166.7,7,ul. Pożarna
130,99,100,Undirected,1,Node 99,Node 100,24.6952000,51.2205284,24.6949658,51.2204172,20.5,3,ul. Olżyczna
131,100,101,Undirected,1,Node 100,Node 101,24.6949658,51.2204172,24.6923961,51.2204492,179.0,3,ul. Olżyczna
132,101,102,Undirected,1,Node 101,Node 102,24.6923961,51.2204492,24.6928680,51.2193683,124.6,3,ul. Olżyczna
133,102,20,Undirected,1,Node 102,Node 20,24.6928680,51.2193683,24.6931724,51.2182645,124.6,3,ul. Olżyczna
134,102,103,Undirected,1,Node 102,Node 103,24.6928680,51.2193683,24.6953114,51.2194498,170.4,3,ul. Olżyczna
135,103,104,Undirected,1,Node 103,Node 104,24.6953114,51.2194498,24.6959641,51.2185162,113.3,37,ul. Handlowa
136,103,100,Undirected,1,Node 103,Node 100,24.6953114,51.2194498,24.6949658,51.2204172,110.2,3,ul. Olżyczna
137,103,98,Undirected,1,Node 103,Node 98,24.6953114,51.2194498,24.6968618,51.2194495,108.0,7,ul. Pożarna
138,105,17,Undirected,1,Node 105,Node 17,24.6975005,51.2184271,24.6963683,51.2177113,112.0,36,ul. Soborna
139,16,106,Undirected,1,Node 16,Node 106,24.6966592,51.2175735,24.6936197,51.2163272,253.0,34,ul. Magistracka
140,106,107,Undirected,1,Node 106,Node 107,24.6936197,51.2163272,24.6940630,51.2157460,71.6,34,ul. Magistracka
141,108,109,Undirected,1,Node 108,Node 109,24.6942695,51.2166377,24.6936865,51.2166523,40.6,34,ul. Magistracka
142,109,110,Undirected,1,Node 109,Node 110,24.6936865,51.2166523,24.6930802,51.2166977,42.5,10,ul. Gniłowa
143,110,111,Undirected,1,Node 110,Node 111,24.6930802,51.2166977,24.6923869,51.2168754,52.2,8,ul. Nadbrzeżna
144,111,20,Undirected,1,Node 111,Node 20,24.6923869,51.2168754,24.6931724,51.2182645,163.9,37,ul. Handlowa
145,19,111,Undirected,1,Node 19,Node 111,24.6944539,51.2180120,24.6923869,51.2168754,191.6,37,ul. Handlowa
146,18,112,Undirected,1,Node 18,Node 112,24.6952903,51.2178764,24.6942938,51.2172542,98.0,37,ul. Handlowa
147,112,110,Undirected,1,Node 112,Node 110,24.6942938,51.2172542,24.6930802,51.2166977,104.8,37,ul. Handlowa
148,112,113,Undirected,1,Node 112,Node 113,24.6942938,51.2172542,24.6948867,51.2171735,42.3,37,ul. Handlowa
149,113,109,Undirected,1,Node 113,Node 109,24.6948867,51.2171735,24.6936865,51.2166523,101.7,34,ul. Magistracka
150,112,114,Undirected,1,Node 112,Node 114,24.6942938,51.2172542,24.6935952,51.2174490,53.3,37,ul. Handlowa
151,14,115,Undirected,1,Node 14,Node 115,24.6982730,51.2160499,24.6966905,51.2135237,301.8,,
152,115,116,Undirected,1,Node 115,Node 116,24.6966905,51.2135237,24.6951636,51.2096728,441.2,,
153,115,117,Undirected,1,Node 115,Node 117,24.6966905,51.2135237,24.6935580,51.2149296,268.4,,
154,117,118,Undirected,1,Node 117,Node 118,24.6935580,51.2149296,24.6914179,51.2161015,198.0,12,ul. Wola
155,118,119,Undirected,1,Node 118,Node 119,24.6914179,51.2161015,24.6913612,51.2174506,150.1,8,ul. Nadbrzeżna
156,119,21,Undirected,1,Node 119,Node 21,24.6913612,51.2174506,24.6917854,51.2186937,141.3,9,ul. Żytnia
157,21,101,Undirected,1,Node 21,Node 101,24.6917854,51.2186937,24.6923961,51.2204492,199.8,3,ul. Olżyczna
158,101,120,Undirected,1,Node 101,Node 120,24.6923961,51.2204492,24.6941225,51.2210616,138.2,3,ul. Olżyczna
159,120,121,Undirected,1,Node 120,Node 121,24.6941225,51.2210616,24.6960992,51.2215164,146.7,3,ul. Olżyczna
160,121,122,Undirected,1,Node 121,Node 122,24.6960992,51.2215164,24.6972098,51.2224067,125.6,7,ul. Pożarna
161,122,123,Undirected,1,Node 122,Node 123,24.6972098,51.2224067,24.6993692,51.2250690,332.0,,
162,123,124,Undirected,1,Node 123,Node 124,24.6993692,51.2250690,24.6998028,51.2267373,187.9,,
163,124,125,Undirected,1,Node 124,Node 125,24.6998028,51.2267373,24.7006833,51.2282244,176.4,,
164,125,126,Undirected,1,Node 125,Node 126,24.7006833,51.2282244,24.7018644,51.2292974,144.9,,
165,126,127,Undirected,1,Node 126,Node 127,24.7018644,51.2292974,24.7039716,51.2306115,207.1,,
166,128,129,Undirected,1,Node 128,Node 129,24.6876648,51.2305197,24.6945912,51.2284955,532.2,,
167,129,124,Undirected,1,Node 129,Node 124,24.6945912,51.2284955,24.6998028,51.2267373,412.2,,
168,124,130,Undirected,1,Node 124,Node 130,24.6998028,51.2267373,24.7060818,51.2251376,472.0,,
169,131,129,Undirected,1,Node 131,Node 129,24.6957801,51.2321692,24.6945912,51.2284955,416.8,,
170,129,132,Undirected,1,Node 129,Node 132,24.6945912,51.2284955,24.6917316,51.2227676,667.3,,
171,132,101,Undirected,1,Node 132,Node 101,24.6917316,51.2227676,24.6923961,51.2204492,261.9,3,ul. Olżyczna
172,101,133,Undirected,1,Node 101,Node 133,24.6923961,51.2204492,24.6909217,51.2204017,102.8,3,ul. Olżyczna
173,133,134,Undirected,1,Node 133,Node 134,24.6909217,51.2204017,24.6907449,51.2200789,37.9,4,ul. Brzeska
174,135,136,Undirected,1,Node 135,Node 136,24.6876241,51.2213317,24.6898247,51.2207477,166.4,2,ul. Garncarska
175,136,137,Undirected,1,Node 136,Node 137,24.6898247,51.2207477,24.6901839,51.2213355,70.0,4,ul. Brzeska
176,22,138,Undirected,1,Node 22,Node 138,24.6892762,51.2194154,24.6897703,51.2203303,107.4,4,ul. Brzeska
177,138,139,Undirected,1,Node 138,Node 139,24.6897703,51.2203303,24.6865615,51.2210641,237.9,2,ul. Garncarska
178,139,24,Undirected,1,Node 139,Node 24,24.6865615,51.2210641,24.6859618,51.2202998,94.7,2,ul. Garncarska
179,140,141,Undirected,1,Node 140,Node 141,24.6863067,51.2206993,24.6895566,51.2199581,240.9,2,ul. Garncarska
180,142,143,Undirected,1,Node 142,Node 143,24.6809487,51.2202672,24.6824985,51.2198687,116.7,,
181,143,144,Undirected,1,Node 143,Node 144,24.6824985,51.2198687,24.6819247,51.2189988,104.7,5,ul. Maceiwska
183,24,147,Undirected,1,Node 24,Node 147,24.6859618,51.2202998,24.6853244,51.2192509,124.8,5,ul. Maceiwska
184,23,148,Undirected,1,Node 23,Node 148,24.6874451,51.2198716,24.6860919,51.2177265,256.5,5,ul. Maceiwska
185,123,97,Undirected,1,Node 123,Node 97,24.6993692,51.2250690,24.6997531,51.2195350,615.9,,
186,149,150,Undirected,1,Node 149,Node 150,24.7056380,51.2247820,24.7072643,51.2235219,180.2,,
187,150,151,Undirected,1,Node 150,Node 151,24.7072643,51.2235219,24.7077215,51.2227109,95.6,,
188,151,86,Undirected,1,Node 151,Node 86,24.7077215,51.2227109,24.7072493,51.2198853,315.9,,
189,67,152,Undirected,1,Node 67,Node 152,24.7147633,51.2189731,24.7161484,51.2198306,135.6,62,ul. Dąbrowskiego
190,152,153,Undirected,1,Node 152,Node 153,24.7161484,51.2198306,24.7168560,51.2202509,67.9,62,ul. Dąbrowskiego
191,154,152,Undirected,1,Node 154,Node 152,24.7153713,51.2204275,24.7161484,51.2198306,85.6,62,ul. Dąbrowskiego
192,152,155,Undirected,1,Node 152,Node 155,24.7161484,51.2198306,24.7169746,51.2190716,102.1,62,ul. Dąbrowskiego
193,155,152,Undirected,1,Node 155,Node 152,24.7169746,51.2190716,24.7161484,51.2198306,102.1,62,ul. Dąbrowskiego
194,152,156,Undirected,1,Node 152,Node 156,24.7161484,51.2198306,24.7175344,51.2195099,102.9,62,ul. Dąbrowskiego
195,157,158,Undirected,1,Node 157,Node 158,24.7159712,51.2208021,24.7157537,51.2201194,77.4,62,ul. Dąbrowskiego
199,164,166,Undirected,1,Node 164,Node 166,24.6988302,51.2304989,24.7011779,51.2286687,261.0,,
200,166,130,Undirected,1,Node 166,Node 130,24.7011779,51.2286687,24.7060818,51.2251376,520.4,,
201,130,167,Undirected,1,Node 130,Node 167,24.7060818,51.2251376,24.7117451,51.2215355,562.1,,
202,167,168,Undirected,1,Node 167,Node 168,24.7117451,51.2215355,24.7120660,51.2213331,31.7,,
203,168,169,Undirected,1,Node 168,Node 169,24.7120660,51.2213331,24.7130685,51.2206855,100.3,,
204,169,170,Undirected,1,Node 169,Node 170,24.7130685,51.2206855,24.7151490,51.2192183,218.2,62,ul. Dąbrowskiego
205,170,171,Undirected,1,Node 170,Node 171,24.7151490,51.2192183,24.7188827,51.2161596,428.1,57,ul. Dzierżyńskiego
206,171,172,Undirected,1,Node 171,Node 172,24.7188827,51.2161596,24.7200230,51.2152824,125.8,56,ul. Graniczna
207,172,173,Undirected,1,Node 172,Node 173,24.7200230,51.2152824,24.7259515,51.2104796,675.1,57,ul. Dzierżyńskiego
208,173,174,Undirected,1,Node 173,Node 174,24.7259515,51.2104796,24.7125402,51.2216830,1557.1,,
209,174,168,Undirected,1,Node 174,Node 168,24.7125402,51.2216830,24.7120660,51.2213331,51.0,,
210,168,175,Undirected,1,Node 168,Node 175,24.7120660,51.2213331,24.7117584,51.2211935,26.5,,
211,175,68,Undirected,1,Node 175,Node 68,24.7117584,51.2211935,24.7112265,51.2208291,54.9,,
212,118,176,Undirected,1,Node 118,Node 176,24.6914179,51.2161015,24.6879651,51.2146778,287.9,17,ul. Monopolowa
213,176,177,Undirected,1,Node 176,Node 177,24.6879651,51.2146778,24.6884545,51.2142662,57.1,12,ul. Wola
214,176,178,Undirected,1,Node 176,Node 178,24.6879651,51.2146778,24.6825979,51.2141626,378.2,17,ul. Monopolowa
215,178,179,Undirected,1,Node 178,Node 179,24.6825979,51.2141626,24.6817348,51.2139262,65.6,,
216,179,180,Undirected,1,Node 179,Node 180,24.6817348,51.2139262,24.6795623,51.2147219,175.3,,
217,179,181,Undirected,1,Node 179,Node 181,24.6817348,51.2139262,24.6795685,51.2115650,302.8,,
218,182,183,Undirected,1,Node 182,Node 183,24.6942722,51.2187511,24.6934029,51.2187096,60.7,37,ul. Handlowa
219,183,184,Undirected,1,Node 183,Node 184,24.6934029,51.2187096,24.6931492,51.2192876,66.7,3,ul. Olżyczna
220,184,103,Undirected,1,Node 184,Node 103,24.6931492,51.2192876,24.6953114,51.2194498,151.7,3,ul. Olżyczna
221,102,185,Undirected,1,Node 102,Node 185,24.6928680,51.2193683,24.6920799,51.2194689,56.0,3,ul. Olżyczna
222,185,186,Undirected,1,Node 185,Node 186,24.6920799,51.2194689,24.6914551,51.2195304,44.0,3,ul. Olżyczna
223,186,187,Undirected,1,Node 186,Node 187,24.6914551,51.2195304,24.6912848,51.2191570,43.2,4,ul. Brzeska
224,186,188,Undirected,1,Node 186,Node 188,24.6914551,51.2195304,24.6908988,51.2196979,43.0,4,ul. Brzeska
225,99,189,Undirected,1,Node 99,Node 189,24.6952000,51.2205284,24.6960579,51.2208024,67.1,7,ul. Pożarna
226,189,190,Undirected,1,Node 189,Node 190,24.6960579,51.2208024,24.6977744,51.2221821,194.5,7,ul. Pożarna
227,88,9,Undirected,1,Node 88,Node 9,24.7062938,51.2165298,24.7069519,51.2138894,297.2,26,ul. Królowej Bony
228,3,191,Undirected,1,Node 3,Node 191,24.7225349,51.2090782,24.7220955,51.2080496,118.4,54,ul. Zamoyskiego
229,2,192,Undirected,1,Node 2,Node 192,24.7251624,51.2075398,24.7250241,51.2067237,91.3,55,ul. Szpitalna
230,193,194,Undirected,1,Node 193,Node 194,24.7191716,51.2163625,24.7202980,51.2154447,128.7,56,ul. Graniczna
231,194,195,Undirected,1,Node 194,Node 195,24.7202980,51.2154447,24.7197557,51.2150851,55.0,56,ul. Graniczna
232,195,196,Undirected,1,Node 195,Node 196,24.7197557,51.2150851,24.7185964,51.2160262,132.2,56,ul. Graniczna
233,196,193,Undirected,1,Node 196,Node 193,24.7185964,51.2160262,24.7191716,51.2163625,54.8,56,ul. Graniczna
234,197,198,Undirected,1,Node 197,Node 198,24.7090199,51.2222055,24.7079902,51.2216631,93.7,,
235,198,199,Undirected,1,Node 198,Node 199,24.7079902,51.2216631,24.7094304,51.2208692,133.6,,
236,199,200,Undirected,1,Node 199,Node 200,24.7094304,51.2208692,24.7103873,51.2213419,84.9,,
237,200,197,Undirected,1,Node 200,Node 197,24.7103873,51.2213419,24.7090199,51.2222055,135.2,,
238,16,201,Undirected,1,Node 16,Node 201,24.6966592,51.2175735,24.6963076,51.2171504,53.0,34,ul. Magistracka
239,201,202,Undirected,1,Node 201,Node 202,24.6963076,51.2171504,24.6951279,51.2166292,100.5,34,ul. Magistracka
240,202,203,Undirected,1,Node 202,Node 203,24.6951279,51.2166292,24.6938963,51.2161404,101.6,34,ul. Magistracka
241,203,204,Undirected,1,Node 203,Node 204,24.6938963,51.2161404,24.6932967,51.2159885,45.0,34,ul. Magistracka
242,204,205,Undirected,1,Node 204,Node 205,24.6932967,51.2159885,24.6919450,51.2159034,94.6,34,ul. Magistracka
243,205,206,Undirected,1,Node 205,Node 206,24.6919450,51.2159034,24.6937566,51.2161110,128.3,34,ul. Magistracka
246,209,210,Undirected,1,Node 209,Node 210,24.6946790,51.2147248,24.6964748,51.2147373,125.1,,
247,211,212,Undirected,1,Node 211,Node 212,24.6954656,51.2142805,24.6964519,51.2142503,68.8,,
248,213,214,Undirected,1,Node 213,Node 214,24.6977143,51.2139520,24.6988107,51.2134998,91.4,17,ul. Monopolowa
249,215,216,Undirected,1,Node 215,Node 216,24.7114585,51.2192293,24.7115623,51.2187358,55.3,45,ul. Poprzeczna
250,216,217,Undirected,1,Node 216,Node 217,24.7115623,51.2187358,24.7106838,51.2188076,61.7,25,ul. 50. Kompanii
251,279,280,Undirected,1,Node 279,Node 280,24.7014193,51.2193675,24.7003377,51.2192080,77.4,,
252,280,281,Undirected,1,Node 280,Node 281,24.7003377,51.2192080,24.6999771,51.2179965,137.0,35,ul. Kościelna
253,281,282,Undirected,1,Node 281,Node 282,24.6999771,51.2179965,24.7012268,51.2180408,87.2,35,ul. Kościelna
254,282,279,Undirected,1,Node 282,Node 279,24.7012268,51.2180408,24.7014193,51.2193675,148.1,,
255,307,308,Undirected,1,Node 307,Node 308,24.6990943,51.2235662,24.6981397,51.2227300,114.3,,
256,311,312,Undirected,1,Node 311,Node 312,24.6991632,51.2227874,24.6985664,51.2223742,62.0,,
257,314,315,Undirected,1,Node 314,Node 315,24.7006189,51.2234925,24.6999520,51.2230768,65.5,,
258,316,317,Undirected,1,Node 316,Node 317,24.7000432,51.2225402,24.7007978,51.2220768,73.6,,
259,90,358,Undirected,1,Node 90,Node 358,24.7074263,51.2167499,24.7071799,51.2167975,18.0,25,ul. 50. Kompanii
260,358,359,Undirected,1,Node 358,Node 359,24.7071799,51.2167975,24.7074581,51.2171431,43.0,25,ul. 50. Kompanii
261,359,360,Undirected,1,Node 359,Node 360,24.7074581,51.2171431,24.7067525,51.2171830,49.3,25,ul. 50. Kompanii
