L.p.,Nazwa na mapie (hebr. / transkrypcja),Odpowiednik z listy ulic,Uwagi / Warianty zapisu
1,בריסקה (Brzeska),Brzeska,
2,מצייבסקה (Maciejowska),Maciejowska,
3,פוניז'נה (Poniżna),Brak bezpośredniego na liście,Prawdopodobnie lokalna nazwa/zaułek
4,אפז'יצ'נה (Poprzeczna),Poprzeczna,
5,סובורנה / סובורני (Soborna),Soborna / Soborny,
6,קרוטקה (Krotka),Krotka,Zaułek Krótki / Krótka
7,ורשבסקה (Warszawska),Warszawska,Także Łucka (<1919)
8,ז'נקה (Żanka),Brak na liście,Zaułek/uliczka Starego Miasta
9,קושטשילנה (Kościelna),Kościelna,
10,קובלסקה (Kowalska),Kowalska,
11,הנדלובה (Handlowa),Handlowa,
12,מגיסטרצ'יה (Magistercka),Magistracka,
13,שיינה (Sienna),Brak na liście,Ulica Sienna
14,וולמדירסקה (Włodzimierska),Włodzmierska,Włodzimierska
15,צ'ירקובנה (Cyrkowna),Cyrkowa,
16,וולה (Wola),Wola,
17,פריצקי (Prycki),Brak na liście,Jurydyka Prycki / Zaułek
18,קרובלובה בונה (Królowa Bona),Królowej Bony,Na mapie jako קרולובה בונה
19,יוריידיקה (Jurydyka),Brak bezpośredniego,Rejon/ulica Jurydyka
20,פרוז'נסקי (Prużański),Brak na liście,Zaułek Prużańskiego
21,קושצ'יוסקי (Kościuszki),Kościuszki,
22,פיסקובה (Piaskowa),Piaskowa,
23,נבוז'נה (Nabożna),Brak na liście,Ulica Nabożna
24,מיצקביצ'יה (Mickiewicza),Mickiewicza,
25,שלישי במאי (3 Maja),3 Maja / 1-go Maya,
26,בודניצ'ה (Budnicza),Brak na liście,Ulica Budnicza
27,ז'קושצ'ילנה (Za Kościołem),Brak bezpośredniego,Zakościelna / Za Kościołem
28,קומרובסקה (Komarowska),Komorowska,Komorowska / Komarowska
29,פומיניקובה (Pomnikowa),Pomnikowa,Także pl. Pomnikowy
30,בודיוולנה (Budowlana),Budowlana,
31,פבריצ'נה (Fabryczna),Fabryczna,
32,לוצקה (Łucka),Łucka,Łucka (<1919)/Warszawska
33,סטרלוצ'יקה (Strzelecka),Strzelecka,
34,סנקביצ'יה (Sienkiewicza),Sienkiewicza,
35,שלצ'קה (Szlachecka),Szlachecka,
36,פוגורודניצ'נה (Pogrodnicza),Brak na liście,Podogrodnicza / Pogrodnicza
37,פוניאטובסקי (Poniatowskiego),Poniatowskiego,
38,מושצ'יצ'קי (Mościckiego),Mościckiego,
39,טושובסקי (Tuszowskiego),Tuszowskiego,
40,ז'ורומסקי (Żeromskiego),Żeromskiego,
41,פופצ'יצ'נה (Poprzeczna),Poprzeczna,Druga Poprzeczna na mapie
42,קליובה (Kolejowa),Kolejowa / Dworzec Kolejowy,
43,הגדוד ה-50 (50 Pułku),50 P.P. Strzel. Kres.,50 Pułk Piechoty Strzelców Kresowych
44,מונופולובה (Monopolowa),Monopolowa,Obok Nowego Miasta na mapie
