marker_id,ukrainian_description,polish_translation
A1,Велика синагога (нині існує),Wielka Synagoga (obecnie istnieje)
A2,Синагога в Пісках («Замд-штібл»),Synagoga na Piaskach („Zamd-stibl”)
A3,Двір та синагога рабина з Турійська (нині існує),Dwór i synagoga rabina z Turyjska (obecnie istnieje)
A4,Турійський молитовний дім («Тріск-штібл»),Turyjski dom modlitwy („Trisk-stibl”)
A5,Молитовний дім ружинських хасидів («Ружинер-штібл»),Dom modlitwy chasydów z Różyna („Różiner-stibl”)
A6,Синагога ім. Прозанського,Synagoga im. Prozańskiego
A7,Талмуд-Тора,Talmud-Tora
A8,Синагога «Хасідей-сатмар»,Synagoga „Chasidei Satmar”
A9,Синагога «Хаятім» (кравців),Synagoga „Chajatim” (krawców)
A10,Брестська синагога,Synagoga Brzeska
A11,Синагога М. Ентіна (нині існує),Synagoga M. Entina (obecnie istnieje)
B1,Народна єврейська школа «Герцлія». Будинок юденрату (нині існує),Powszechna szkoła żydowska „Herclija”. Budynek Judenratu (obecnie istnieje)
B2,Народна єврейська школа ім. доктора Каломеля,Powszechna szkoła żydowska im. dr. Kalomela
B3,Єврейська гімназія «Тарбут» (стара),Gimnazjum żydowskie „Tarbut” (stare)
B4,Єврейська гімназія «Тарбут» (нова),Gimnazjum żydowskie „Tarbut” (nowe)
B5,Єврейсько-польська гімназія «Клара Ерліх» (нині існує),Gimnazjum żydowsko-polskie „Klara Ehrlich” (obecnie istnieje)
B6,Єврейський дитячий садок,Żydowskie przedszkole
C1,Дім сиріт ТОЗ,Dom sierot TOZ
C2,Притулок для літніх людей,Przytułek dla starców
C3,Нічліжний дім,Noclegownia
C4,Старий цвинтар,Stary cmentarz
C5,Старовинний цвинтар,Zabytkowy cmentarz
C6,Лазня,Łaźnia
C7,Міква (нині існує),Mikwa (obecnie istnieje)
D1,Штаб «Гашомер Гацаїр»,Sztab „Haszomer Hacair”
D2,Штаб «Бейтару» та «Бунду»,Sztab „Betaru” i „Bundu”
D3,Футбольний стадіон «Макабі» / «Газмонія»,Stadion piłkarski „Maccabi” / „Hasmonea”
D4,Залізнична станція (відреставрована),Stacja kolejowa (odrestaurowana)
D5,Залізнична станція для вантажних перевезень і ремонтне депо,Stacja kolejowa towarowa i parowozownia
D6,Єврейська лікарня,Szpital żydowski
D7,Польська лікарня,Szpital polski
D8,Район мешкання залізничних робітників (польських),Osiedle kolejowe (polskie)
D9,Відділення «Гехалуц» та штаб «Гехалуц-Гацаїр»,Oddział „Hechaluc” i sztab „Hechaluc Hacair”
E1,Вища школа (нині існує),Szkoła średnia / wyższa (obecnie istnieje)
E2,Народна польська школа ім. Мосцицького,Powszechna szkoła polska im. Mościckiego
E3,Польська гімназія ім. Пирогова,Gimnazjum polskie im. Pirogowa
F1,Руська церква (нині існує),Cerkiew ruska (obecnie istnieje)
F2,Православна церква,Cerkiew prawosławna
F3,Католицька церква,Kościół katolicki
F4,Християнський цвинтар (нині існує),Cmentarz chrześcijański (obecnie istnieje)
F5,Помешкання священників,Mieszkania duchownych / Plebania
G1,Стара мерія (нині існує),Stary ratusz (obecnie istnieje)
G2,Тюрма,Więzienie
G3,Пошта,Poczta
G4,Нова пожежна станція,Nowa remiza strażacka
H1,Кінотеатр «Оазис»,Kino „Oaza”
H2,Кінотеатр «Експрес»,Kino „Ekspres”
H3,Польський нічний клуб «Ресурс» (дві будівлі),Polski klub / Resursa (dwa budynki)
H4,Єврейський нічний клуб «Версаль»,Żydowski klub nocny „Wersal”
I1,Місце проведення 1-ї «акції» – Брестська площа (Площа маршруток),Miejsce przeprowadzenia I „akcji” – Plac Brzeski (Plac autobusowy)
I2,Тунель для пішоходів і машин (у районі Ковель-2),Tunel dla pieszych i samochodów (w rejonie Kowel-2)
I3,Тунель для пішоходів на залізничній станції,Tunel dla pieszych na stacji kolejowej
I4,Біржова площа,Plac Giełdowy
J1,Міський ринок,Rynek miejski
J2,Ринок для сільських возів,Targ wozów wiejskich
J3,Велика площа (щотижневий ринок),Duży plac (targ tygodniowy)
J4,Майданчик для гри солдатів у футбол,Boisko do piłki nożnej dla żołnierzy
J5,"Майданчик, де стояли намети",Plac namiotowy
J6,Водонапірна вежа,Wieża ciśnień
K1,Міський сад,Ogród miejski
K2,Поля та ниви,Pola i łany
K3,Поля,Pola
K4,Цілина,Nieużytki / Odłóg
K5,"Пляж, місце для пікніків і катання на човнах","Plaża, miejsce na pikniki i pływanie łódkami"
K6,Парк і місце для прогулянок,Park i miejsce spacerowe
K7,Варшавський міст (зруйнований),Most Warszawski (zniszczony)
L1,Дім Гольтштейна. Радянське НКВС (1939),Dom Goldsteina. Siedziba radzieckiego NKWD (1939)
L2,Будівля польського міністерства фінансів. Радянська міська рада (1939) (нині існує),Budynek polskiego Ministerstwa Skarbu. Radziecka Rada Miejska (1939) (obecnie istnieje)
L3,Будівля польського міністерства освіти. Центр ґетто в «Пісках».,Budynek polskiego Ministerstwa Oświaty. Centrum getta na „Piaskach”
L4,Дім Зіскінда. Тимчасовий штаб місцевого СС,Dom Ziskinda. Tymczasowa siedziba lokalnego SS
L5,Штаб місцевого СС,Siedziba lokalnego SS
M1,Млин Армарника.,Młyn Armarnika
M2,Тютюнова фабрика,Fabryka tytoniu
M3,Електрична станція (нова),Elektrownia (nowa)
M4,Електрична станція (стара),Elektrownia (stara)
M5,Місце стоянки кінних екіпажів,Postój dorożek / wozów konnych
M6,Аптека Фрідріхсона (нині існує),Apteka Friedrichsona (obecnie istnieje)
N1,Дім Гітліса,Dom Gitlisa
N2,Дім вчителя,Dom nauczyciela
N3,Єврейський дім – нині міський музей,Dom żydowski – obecnie Muzeum Miejskie
N4,Єврейський дім зі знаком зірки Давида,Dom żydowski z Gwiazdą Dawida
N5,Єврейський дім – нині міський РАГС,Dom żydowski – obecnie Urząd Stanu Cywilnego
N6,"Єврейський дім, збудований 1934 р.",Dom żydowski zbudowany w 1934 r.
