Name,Age / Birth Year,Last Known Address in Kowel,Penal Code Charge,Legal Charge in English
Kopciowski Stanisław,b. 1902,,,
Grot-Czekalski F\d am,26,,,
Siemiątkowski Wincenty,,ul. Zagrodnej 2. — Sąd Okr. w Łucku,,
B a k u ł a Weronika,,ul. Sienkiewicza 17,art. 581,Theft
Danielewicz Władysław,32,,,
Czyżewski Józef,25,,,
PawJaś Władysław,28,ul. Listopadowej 24,art. 275,Unknown - verify (art. 275)
Papliński Adam,26,ul. Warszawskiej 22,,
koniak Władysław s. Leona,19,,art. 581,Theft
Dajan Gszer,25,,,
Arjowicz Leon,,,,
Osipow Kiwa,24,,,
Stepak Chaim,38,,,
Kosianowicz Mikołaj,,ul. Kolejowej 63,"art. 280, art. 532",Unknown - verify (art. 280) & Unknown - verify (art. 532)
a) Gutman Lejzor,,,,
Piech Franciszek,,ul. Sienkiewicza 17,art. 581,Theft
L e w i n g e r Bluma,,,art. 581,Theft
Bortnik Aleksander,,,art. 581,Theft
Szewczuk Taras,,ul. Krzywej,art. 581,Theft
Zdanowski Stanisław,,,art. 581,Theft
Worcel Gdal,23,,,
Bokser lcchok,23,,,
Hubczyk Jewtich,b. 1900,ul. Bilińskiej 18,,
Hubczyk Jewtich,b. 1900,ul. Biliń skiej 18,,
Zagórski Stanisław Marjan,32,,,
Cieszyński Grzegorz,22,,,
Syłka Paweł,21,,,
Wisłocki Franciszek,,,,
Jadaniuk Rudolf,,,,
Półtorak Paweł,22,ul. Mickiewicza 10,art. 574,Unknown - verify (art. 574)
Bore Feliks,25,,,
Siwkowa Marjanna,32,ul. Warszawskiej 19,art. 58,Unknown - verify (art. 58)
Poleszczuk Korniej,18,,art. 581,Theft
Czudy Henryk,35,ul. Kościuszki 6,,
Mehedyn Sylwester,35,ul. Legjonowej 35,,
Wiśniewska Józefa,34,ul. Poprzecznej 18,"art. 138, art. 139",Disobedience / Violation of Police Regulations & Unknown - verify (art. 139)
Wujeński Walerjan,72,ul. Brzeskiej,art. 138,Disobedience / Violation of Police Regulations
Wiśniewska Marja,,ul. Podjaworskiej 10,,
Jurecki Władysław,b. 1896,ul. Małopolskiej 22.—Sąd P. w Siedl cach,,
Litman Hersz,,ul. Warszawskiej 28,,
Czudy Henryk (bliższ. danych brak),,ul. Kościuszki 3,,
Juszczuk Nadzieja Jadwiga,,ul. 3 Maja 14,"art. 51, art. 49, art. 591",Complicity / Aiding and Abetting & Unknown - verify (art. 49) & Fraud / Embezzlement
Flaczyński Antoni,24,ul. Kościelnej 1,,
Stankiewicz Edward,b. 1906,,,
Muczyński Zygmunt,,,,
Szostakowski Lucjan Seweryn,22,ul. Brze skiej 126,,
Sapiecha Aleksander,24,ul. Narożnej 15.—Sąd P. w Kowlu,,
Popis Stanisław,b. 1906,ul. Brzeskiej 172,"art. 53, art. 54, art. 121",Unknown - verify (art. 53) & Unknown - verify (art. 54) & Unknown - verify (art. 121)
Diner Giecel,37,ul. Szuchajskiego 4,,
Maj mark Gitla,,,"art. 51, art. 448, art. 441",Complicity / Aiding and Abetting & Bribery & Unknown - verify (art. 441)
Dziedzic Michał,b. 1903,ul. Legjonów 10,"art. 441, art. 448",Unknown - verify (art. 441) & Bribery
Chołodowsk! Władysław,,ul. * Młynarskiej.—Konsystorz Prawosławny w Krzemieńcu. .,,
Nesthejmer Adam,44,ul. Legjonów 4 (rodzi- nU em ‘ W ? wlu p,art. 586,Unknown - verify (art. 586)
Kucyper Anna,,,art. 581,Theft
ftrjonowlcz Leon,b. 1912,,art. 581,Theft
Szyfer Liba Ruchla,,,,
Tokarczyk Władysław,,ul. Mo nopolowej 1(5,,
Lackowski Jan,34,ul. Mickiewicza Posz. za przest. z art. 581 k. k. przez Sąd Grodzki w Kowlu,,
Senigórski Jan,24,ul. Warszaw- kad,"art. 142, art. 154",Unknown - verify (art. 142) & Unknown - verify (art. 154)
Podolanka Marcin,b. 1907,,art. 53,Unknown - verify (art. 53)
Josowicz Matys* s. Noecha,32,ul. Komorowskiej 18,art. 138,Disobedience / Violation of Police Regulations
Pod lak Franciszka,,ul. Sadowej 16,art. 138,Disobedience / Violation of Police Regulations
Kluczyk Michał,30,ul. Pogranicznej 6,art. 581,Theft
Dobrakowski Jan Mieczysław,b. 1910,ul. Myśliwskiej 15,art. 138,Disobedience / Violation of Police Regulations
Olikow Arsym,28,ul. Brzeskiej 61,art. 581,Theft
Oleśnicki Jerzy,47,ul. Włodzimierskiej 49,art. 284,Unknown - verify (art. 284)
Nassalski Wacław,41,ul. Mickiewicza 7,art. 138,Disobedience / Violation of Police Regulations
Komsta Stanisław,24,ul. Kolejowej 18,art. 574,Unknown - verify (art. 574)
Simon Leon,b. 1896,,art. 591,Fraud / Embezzlement
Biały Kazimierz,b. 1894,ul. Maciejow- ® Kj ^8,art. 138,Disobedience / Violation of Police Regulations
Hajdys Antoni,,ul. Kolejowej 61. osk. z art. 138 k. k. Sąd Grodzki w Kowlu,art. 138,Disobedience / Violation of Police Regulations
Mackiewicz Marja,43,ul. Poprzecznej 7,art. 581,Theft
Czerniak Jan,b. 1907,,art. 138,Disobedience / Violation of Police Regulations
Stawski Aleksander,24,ul. Jaworowej 6,art. 138,Disobedience / Violation of Police Regulations
Starościk Wacław,33,ul. '. Kołodnickiej 4,art. 138,Disobedience / Violation of Police Regulations
Fajnbuch Benjamin,b. 1901,ul. Łuckiej 25 lub w Białymstoku przy ul. Suchej 17,,
Sapiecha Aleksander,,ul. Narożnej 23,art. 591,Fraud / Embezzlement
Hauser Antonina,45,,art. 397,Unknown - verify (art. 397)
Wałek Hieronim,40,ul. Mickiewi cza 6,art. 532,Unknown - verify (art. 532)
Grabowski Mieczysław,19,ul. Warszawskiej 24,art. 138,Disobedience / Violation of Police Regulations
Dubińska Jenta,,ul. 50 Pułku Strz. Kres. 16,art. 262,Unknown - verify (art. 262)
Lancisz Moszek,21,ul. Listopadowej 16 i w Łucku,art. 138,Disobedience / Violation of Police Regulations
Gopel Liba Ruchła,36,ul. Młynar skiej 1 1,art. 581,Theft
Borowiecki Władysław,,ul. Puławskiej 1,,
Kohut Paweł,b. 1900,ul. Łuckiej 45,,
Hartung Wojciech,24,,,
Gaj Jan,,ul. Łódzkiej 27. robotnik,art. 138,Disobedience / Violation of Police Regulations
Gurtensztejn Izrael,b. 1891,ul. Pomni kowej 3,,
Cesarski v. Plutecki Franciszek. syn Józe y z d. PluteckieJ,60,,art. 289,Unknown - verify (art. 289)
Bukowski Franciszek,b. 1876,,,
Dziattówna Anna,,ul. Cerkiewnej 7,art. 262,Unknown - verify (art. 262)
Złapczyński Zygmunt,,ul. Sienkiewicza 19,art. 262,Unknown - verify (art. 262)
Oksenluk Andrzej,,ul. Kołcdnickiej 24,art. 262,Unknown - verify (art. 262)
Michalski Stanisław,,ul. Mokrej 24 lub w Brześciu n/B. przy ul. Myśliwskiej 13,art. 398,Unknown - verify (art. 398)
W a 1 e n c i k Stanisława,b. 1907,,art. 138,Disobedience / Violation of Police Regulations
Szek Lejzor,23,ul. Dużej Kałodnickiej 4 i w Lublinie,art. 138,Disobedience / Violation of Police Regulations
Karaś Ofit,,ul. d/łodzimierskiej 49,art. 138,Disobedience / Violation of Police Regulations
Gruszka Kirył,,ul. Łuckiej 8 r osk. z art 398 k. k. -Sąd Pow. w Kowlu,art. 398,Unknown - verify (art. 398)
Grabowski Jan,20,ul. Fabrycznej 2,art. 138,Disobedience / Violation of Police Regulations
Wojciechowski Antoni,36,ul. Sienkiewicza 18,art. 490,Unknown - verify (art. 490)
Gurtensztejn Izrael,b. 1891,ul. Pomnikowej 3,,
Czerwonogóry Mendel,,ul. Piaskowej 22,art. 397,Unknown - verify (art. 397)
Daszczyk Jan,,ul. Warszawskiej 28 wyzn. rz. kat.,,
Kuna Aleksander,26,ul. Nadbrzeżnej 22,,
Hołubienko Anna,25,ul. Królowej Bony 1,,
Wójcik Kazimierz,b. 1897,,art. 138,Disobedience / Violation of Police Regulations
Open Szmul,20,ul. Kolejowej 13,art. 138,Disobedience / Violation of Police Regulations
Mil la Ita,19,,,
Grabowski Mieczysław,20,ul. Warszawskiej 24,art. 262,Unknown - verify (art. 262)
Jochanowicz Stanisław,,ul. Podjawerskiej 5 i w Lublinie,art. 284,Unknown - verify (art. 284)
Wojciechowski Antoni,33,ul. Sienkiewicza 18,art. 490,Unknown - verify (art. 490)
Jabłońska Helena,,ul. Listopadowej 83 i Bielińskiej 13,art. 581,Theft
Fajgiei Jankiel Icchek,37,,"art. 51, art. 440, art. 448, art. 593",Complicity / Aiding and Abetting & Forgery & Bribery & Receiving Stolen Goods
Igliński Aleksander,b. 1905,ul. Chmielnej 25,art. 581,Theft
Leszczuk Marja,35,ul. Kolejowej 32,art. 138,Disobedience / Violation of Police Regulations
Gorczyński Aleksander,b. 1898,ul. Wło dzimierskiej 80,art. 591,Fraud / Embezzlement
Kopycki Antoni,19,ul. Ogrodowej 15,art. 138,Disobedience / Violation of Police Regulations
Jakubowski Michał,70,ul. Brzeskiej 114,art. 138,Disobedience / Violation of Police Regulations
O m e 1 c z u k Mar ja,22,ul. Niecałej 3,art. 138,Disobedience / Violation of Police Regulations
Nikenczuk Paraskiewa,28,ul. Pogranicznej 6,art. 138,Disobedience / Violation of Police Regulations
Burak Chaim,29,,art. 138,Disobedience / Violation of Police Regulations
Celnikier Gierszoa,37,ul. Brzeskiej 56,art. 138,Disobedience / Violation of Police Regulations
S a ch o r czy k Olga,b. 1892,ul. Warszawskiej 104,art. 138,Disobedience / Violation of Police Regulations
